Customer_ID,Age,Gender,City,Purchase_Amount,Segment,Signup_Date
CUST10000,41.18242790073776,Female,Mumbai,24975.41998649561,Premium,2024-06-16
CUST10001,46.0,Female,Hyderabad,12527.0,Premium,2025-11-18
CUST10002,32.0,Male,Hyderabad,46650.0,VIP,2024-11-05
CUST10003,60.0,Male,Mumbai,20666.0,Premium,2025-04-23
CUST10004,25.0,Female,Chennai,2330.0,Premium,2024-02-25
CUST10005,38.0,Female,Bangalore,6611.0,Regular,2025-09-11
CUST10006,56.0,Female,Hyderabad,49380.0,VIP,2025-04-17
CUST10007,36.0,Female,Bangalore,42329.0,Premium,2024-10-22
CUST10008,40.0,Female,Mumbai,26277.0,Premium,2025-04-05
CUST10009,28.0,Male,Chennai,4865.0,Premium,2024-11-19
CUST10010,28.0,Male,Chennai,20454.0,Regular,2024-05-20
CUST10011,41.0,Male,Chennai,24029.0,VIP,2025-10-28
CUST10012,53.0,Female,Mumbai,28920.0,Regular,2024-09-18
CUST10013,57.0,Male,Chennai,46140.0,Regular,2025-02-23
CUST10014,41.0,Male,Chennai,29623.0,Regular,2024-08-28
CUST10015,20.0,Male,Bangalore,5652.0,Premium,2024-12-20
CUST10016,39.0,Male,Chennai,727.0,Premium,2025-08-11
CUST10017,19.0,Male,Chennai,12089.0,Premium,2024-06-28
CUST10018,41.0,Male,Chennai,13880.0,VIP,2024-03-06
CUST10019,61.0,Female,Chennai,6689.0,Regular,2024-12-13
CUST10020,47.0,Female,Bangalore,34912.0,Regular,2024-06-19
CUST10021,55.0,Male,Hyderabad,28228.0,Premium,2025-04-18
CUST10022,19.0,Female,Bangalore,46039.0,Regular,2025-06-17
CUST10023,38.0,Male,Bangalore,38752.0,Regular,2025-01-01
CUST10024,50.0,Female,Mumbai,27890.0,Premium,2024-04-16
CUST10025,29.0,Female,Mumbai,41053.0,Regular,2025-03-14
CUST10026,39.0,Male,Bangalore,349.0,Premium,2024-08-14
CUST10027,61.0,Male,Bangalore,19409.0,Regular,2025-03-19
CUST10028,42.0,Female,Bangalore,26001.0,VIP,2025-03-17
CUST10029,44.0,Male,Chennai,23676.0,Premium,2025-01-30
CUST10030,59.0,Female,Mumbai,31608.0,Premium,2025-08-03
CUST10031,45.0,Male,Bangalore,9275.0,Premium,2024-03-24
CUST10032,33.0,Female,Chennai,25564.0,Premium,2025-09-06
CUST10033,32.0,Male,Chennai,16360.0,Premium,2025-07-04
CUST10034,64.0,Male,Chennai,35540.0,Premium,2024-01-13
CUST10035,61.0,Male,Chennai,29646.0,VIP,2025-11-23
CUST10036,20.0,Male,Hyderabad,40147.0,Regular,2025-05-07
CUST10037,54.0,Female,Hyderabad,41530.0,Premium,2024-09-24
CUST10038,24.0,Male,Hyderabad,2087.0,VIP,2025-06-08
CUST10039,38.0,Male,Chennai,49342.0,Premium,2024-04-29
CUST10040,26.0,Female,Chennai,24975.41998649561,Regular,2024-12-18
CUST10041,56.0,Male,Chennai,13048.0,Premium,2024-02-26
CUST10042,35.0,Female,Chennai,13126.0,VIP,2024-02-09
CUST10043,21.0,Male,Chennai,2873.0,Regular,2024-12-01
CUST10044,42.0,Female,Chennai,46027.0,VIP,2025-10-01
CUST10045,31.0,Male,Hyderabad,9978.0,Regular,2024-06-21
CUST10046,26.0,Male,Hyderabad,43046.0,Regular,2025-06-30
CUST10047,43.0,Male,Hyderabad,10477.0,Premium,2024-09-15
CUST10048,19.0,Male,Bangalore,7447.0,Premium,2025-05-31
CUST10049,37.0,Male,Bangalore,33876.0,Premium,2025-06-06
CUST10050,45.0,Female,Mumbai,3883.0,Regular,2024-04-26
CUST10051,64.0,Female,Mumbai,4398.0,Premium,2024-07-02
CUST10052,24.0,Male,Mumbai,4768.0,VIP,2024-04-25
CUST10053,61.0,Female,Bangalore,20771.0,VIP,2024-06-10
CUST10054,25.0,Male,Bangalore,34920.0,VIP,2025-08-01
CUST10055,41.18242790073776,Male,Mumbai,34584.0,Premium,2025-06-26
CUST10056,52.0,Female,Mumbai,33178.0,Regular,2025-08-09
CUST10057,31.0,Male,Chennai,47259.0,Premium,2024-08-24
CUST10058,34.0,Male,Mumbai,21022.0,Premium,2024-03-06
CUST10059,53.0,Female,Chennai,34128.0,Regular,2024-03-10
CUST10060,57.0,Female,Chennai,46025.0,VIP,2025-03-22
CUST10061,21.0,Male,Bangalore,20416.0,Premium,2025-02-19
CUST10062,19.0,Male,Mumbai,11560.0,Premium,2025-06-15
CUST10063,23.0,Female,Bangalore,17068.0,Premium,2025-03-16
CUST10064,59.0,Female,Bangalore,30366.0,Premium,2025-04-08
CUST10065,21.0,Female,Bangalore,30309.0,Premium,2025-01-30
CUST10066,46.0,Male,Chennai,24100.0,Premium,2025-07-04
CUST10067,35.0,Female,Hyderabad,14111.0,VIP,2025-10-18
CUST10068,43.0,Female,Mumbai,2966.0,Premium,2025-07-10
CUST10069,61.0,Male,Hyderabad,47233.0,Premium,2025-01-29
CUST10070,51.0,Female,Hyderabad,5998.0,Premium,2024-11-21
CUST10071,27.0,Female,Hyderabad,18495.0,Premium,2024-03-31
CUST10072,53.0,Male,Bangalore,39119.0,Regular,2024-03-10
CUST10073,31.0,Male,Chennai,37807.0,Regular,2024-06-14
CUST10074,48.0,Male,Bangalore,4106.0,Premium,2025-10-03
CUST10075,32.0,Female,Bangalore,34493.0,Premium,2024-08-01
CUST10076,25.0,Female,Hyderabad,11056.0,Premium,2025-08-23
CUST10077,31.0,Female,Bangalore,30763.0,Regular,2024-11-30
CUST10078,40.0,Female,Hyderabad,6178.0,Regular,2025-01-03
CUST10079,57.0,Male,Chennai,29731.0,Regular,2025-08-06
CUST10080,38.0,Female,Mumbai,24975.41998649561,VIP,2025-11-07
CUST10081,33.0,Male,Hyderabad,41791.0,VIP,2024-02-18
CUST10082,62.0,Female,Chennai,4061.0,Regular,2024-02-21
CUST10083,35.0,Male,Mumbai,29377.0,Premium,2024-10-15
CUST10084,64.0,Female,Chennai,41674.0,Regular,2025-09-17
CUST10085,41.0,Male,Hyderabad,31517.0,VIP,2024-08-26
CUST10086,43.0,Male,Hyderabad,22584.0,Premium,2024-05-12
CUST10087,42.0,Male,Chennai,18203.0,VIP,2024-06-14
CUST10088,62.0,Male,Chennai,29445.0,Premium,2025-01-08
CUST10089,58.0,Male,Hyderabad,46426.0,VIP,2025-01-07
CUST10090,46.0,Male,Chennai,39554.0,Premium,2025-04-22
CUST10091,32.0,Male,Bangalore,1687.0,Premium,2025-04-23
CUST10092,62.0,Female,Mumbai,42671.0,Premium,2025-10-11
CUST10093,18.0,Male,Mumbai,21131.0,Premium,2025-08-13
CUST10094,42.0,Male,Mumbai,26312.0,Premium,2025-11-12
CUST10095,24.0,Female,Bangalore,10450.0,VIP,2025-09-26
CUST10096,26.0,Male,Chennai,18916.0,VIP,2025-11-18
CUST10097,41.0,Male,Chennai,20388.0,Premium,2024-10-26
CUST10098,18.0,Female,Chennai,29532.0,Premium,2024-03-22
CUST10099,61.0,Female,Hyderabad,44322.0,Premium,2024-03-27
CUST10100,25.0,Male,Mumbai,48717.0,VIP,2024-08-12
CUST10101,41.0,Female,Chennai,6937.0,Premium,2024-01-16
CUST10102,28.0,Male,Chennai,34317.0,Premium,2024-12-23
CUST10103,34.0,Female,Hyderabad,20984.0,Premium,2024-06-11
CUST10104,25.0,Female,Bangalore,5554.0,Premium,2025-09-01
CUST10105,52.0,Male,Bangalore,9524.0,Regular,2025-10-29
CUST10106,52.0,Female,Chennai,36985.0,Premium,2025-05-28
CUST10107,50.0,Female,Hyderabad,41737.0,Premium,2024-12-15
CUST10108,22.0,Male,Mumbai,43718.0,Regular,2025-11-11
CUST10109,59.0,Male,Chennai,18512.0,Premium,2025-04-08
CUST10110,41.18242790073776,Male,Hyderabad,47211.0,Premium,2025-01-09
CUST10111,58.0,Female,Bangalore,39713.0,VIP,2024-04-01
CUST10112,45.0,Male,Chennai,20242.0,Regular,2024-06-29
CUST10113,24.0,Male,Chennai,37492.0,Regular,2024-10-27
CUST10114,26.0,Male,Chennai,8948.0,Premium,2025-10-21
CUST10115,25.0,Male,Chennai,49417.0,Premium,2024-07-07
CUST10116,29.0,Male,Chennai,13236.0,Regular,2024-11-09
CUST10117,51.0,Female,Hyderabad,689.0,VIP,2025-05-07
CUST10118,50.0,Male,Mumbai,21008.0,VIP,2024-05-07
CUST10119,40.0,Female,Chennai,6609.0,Premium,2025-06-02
CUST10120,41.0,Female,Hyderabad,24975.41998649561,Premium,2025-03-01
CUST10121,54.0,Male,Mumbai,42322.0,VIP,2025-07-12
CUST10122,52.0,Female,Hyderabad,49323.0,Premium,2025-07-18
CUST10123,61.0,Male,Hyderabad,44576.0,VIP,2024-07-05
CUST10124,57.0,Male,Chennai,45810.0,Premium,2025-07-03
CUST10125,39.0,Male,Mumbai,49520.0,Premium,2025-03-28
CUST10126,44.0,Female,Chennai,10068.0,Premium,2025-04-15
CUST10127,52.0,Female,Chennai,2562.0,Premium,2025-07-18
CUST10128,18.0,Male,Mumbai,9560.0,VIP,2024-08-11
CUST10129,52.0,Male,Chennai,33883.0,Premium,2024-06-02
CUST10130,54.0,Male,Bangalore,9375.0,Premium,2025-07-13
CUST10131,64.0,Female,Hyderabad,28777.0,Regular,2024-12-16
CUST10132,31.0,Female,Chennai,13369.0,Premium,2024-05-26
CUST10133,20.0,Male,Mumbai,506.0,Regular,2025-07-29
CUST10134,18.0,Female,Hyderabad,7484.0,Regular,2024-12-14
CUST10135,22.0,Male,Chennai,22653.0,Premium,2024-06-30
CUST10136,43.0,Female,Bangalore,24466.0,Premium,2025-09-28
CUST10137,31.0,Male,Chennai,44136.0,VIP,2024-06-27
CUST10138,56.0,Male,Mumbai,17469.0,VIP,2024-02-08
CUST10139,44.0,Male,Hyderabad,11895.0,VIP,2024-01-03
CUST10140,26.0,Female,Mumbai,4585.0,Premium,2024-03-04
CUST10141,32.0,Female,Hyderabad,41769.0,VIP,2024-01-29
CUST10142,32.0,Female,Chennai,2718.0,Regular,2025-01-06
CUST10143,43.0,Male,Bangalore,30243.0,VIP,2025-06-06
CUST10144,59.0,Female,Chennai,29525.0,Premium,2024-04-06
CUST10145,30.0,Female,Chennai,22773.0,VIP,2025-03-17
CUST10146,49.0,Male,Mumbai,9703.0,Premium,2024-07-21
CUST10147,56.0,Female,Bangalore,39796.0,Premium,2025-02-14
CUST10148,49.0,Male,Hyderabad,5468.0,Regular,2024-01-21
CUST10149,21.0,Male,Hyderabad,4721.0,Premium,2025-07-04
CUST10150,47.0,Female,Chennai,14819.0,VIP,2024-04-11
CUST10151,54.0,Male,Hyderabad,29327.0,Premium,2024-02-15
CUST10152,40.0,Female,Mumbai,43994.0,Premium,2024-03-06
CUST10153,56.0,Male,Chennai,7666.0,Regular,2025-08-25
CUST10154,62.0,Male,Chennai,12406.0,VIP,2024-06-12
CUST10155,32.0,Female,Chennai,24142.0,Regular,2024-04-20
CUST10156,60.0,Male,Bangalore,15186.0,Premium,2024-12-03
CUST10157,46.0,Male,Hyderabad,17487.0,Premium,2024-05-02
CUST10158,53.0,Female,Mumbai,27142.0,Regular,2025-03-22
CUST10159,30.0,Male,Bangalore,23988.0,VIP,2025-09-02
CUST10160,49.0,Female,Chennai,24975.41998649561,Premium,2024-10-17
CUST10161,24.0,Female,Mumbai,18423.0,Premium,2025-11-01
CUST10162,39.0,Male,Mumbai,18119.0,Premium,2025-02-15
CUST10163,45.0,Female,Mumbai,9990.0,VIP,2025-09-06
CUST10164,19.0,Female,Chennai,40963.0,Premium,2024-10-07
CUST10165,41.18242790073776,Female,Mumbai,45587.0,Regular,2024-02-12
CUST10166,62.0,Male,Hyderabad,10383.0,Premium,2025-04-30
CUST10167,23.0,Male,Mumbai,18379.0,Premium,2025-08-18
CUST10168,45.0,Male,Chennai,47099.0,VIP,2024-02-20
CUST10169,45.0,Female,Mumbai,23008.0,Regular,2024-07-28
CUST10170,61.0,Male,Chennai,47566.0,VIP,2024-05-05
CUST10171,61.0,Male,Chennai,38052.0,Premium,2025-05-06
CUST10172,37.0,Female,Chennai,35270.0,Premium,2025-05-23
CUST10173,47.0,Female,Hyderabad,37763.0,Premium,2025-08-03
CUST10174,28.0,Female,Hyderabad,44272.0,VIP,2024-09-14
CUST10175,45.0,Male,Bangalore,48029.0,Premium,2024-07-06
CUST10176,42.0,Female,Chennai,9443.0,VIP,2024-08-17
CUST10177,56.0,Female,Mumbai,10737.0,VIP,2024-07-07
CUST10178,50.0,Male,Chennai,34824.0,Regular,2025-02-18
CUST10179,18.0,Male,Bangalore,39891.0,Premium,2024-01-10
CUST10180,44.0,Female,Chennai,29234.0,Premium,2024-04-23
CUST10181,30.0,Male,Chennai,46930.0,VIP,2024-03-16
CUST10182,58.0,Male,Bangalore,47201.0,Premium,2025-11-06
CUST10183,20.0,Male,Hyderabad,4007.0,Regular,2025-05-16
CUST10184,56.0,Male,Mumbai,33675.0,Regular,2024-03-25
CUST10185,23.0,Female,Bangalore,46899.0,Premium,2024-02-18
CUST10186,25.0,Male,Chennai,4927.0,Regular,2025-05-09
CUST10187,44.0,Female,Hyderabad,30707.0,Regular,2025-11-19
CUST10188,26.0,Female,Chennai,13799.0,Premium,2025-01-21
CUST10189,54.0,Female,Hyderabad,37392.0,Regular,2025-01-23
CUST10190,50.0,Female,Mumbai,48061.0,Regular,2024-08-05
CUST10191,59.0,Male,Mumbai,25983.0,VIP,2024-12-11
CUST10192,61.0,Male,Chennai,49091.0,Regular,2024-08-17
CUST10193,41.0,Male,Chennai,5413.0,VIP,2024-09-11
CUST10194,32.0,Female,Hyderabad,13698.0,Regular,2024-08-23
CUST10195,49.0,Male,Mumbai,45926.0,Regular,2024-01-26
CUST10196,49.0,Female,Bangalore,28907.0,Premium,2025-08-06
CUST10197,41.0,Female,Mumbai,4987.0,Premium,2024-09-17
CUST10198,58.0,Female,Bangalore,3954.0,VIP,2024-09-27
CUST10199,29.0,Male,Hyderabad,45326.0,Regular,2024-05-02
CUST10200,56.0,Male,Mumbai,24975.41998649561,Premium,2025-10-17
CUST10201,19.0,Male,Mumbai,3658.0,Premium,2024-09-13
CUST10202,20.0,Male,Hyderabad,9872.0,Premium,2025-10-17
CUST10203,54.0,Female,Mumbai,36443.0,Premium,2025-02-24
CUST10204,34.0,Female,Bangalore,35286.0,Premium,2024-09-15
CUST10205,19.0,Male,Mumbai,37066.0,Regular,2024-02-16
CUST10206,19.0,Female,Chennai,33869.0,Premium,2025-06-08
CUST10207,45.0,Male,Chennai,39987.0,Premium,2024-07-26
CUST10208,40.0,Male,Bangalore,19329.0,Premium,2024-11-06
CUST10209,54.0,Male,Chennai,9773.0,VIP,2024-05-28
CUST10210,49.0,Male,Hyderabad,27977.0,Regular,2025-03-13
CUST10211,50.0,Female,Bangalore,31701.0,Regular,2024-06-03
CUST10212,18.0,Male,Chennai,38184.0,VIP,2025-11-08
CUST10213,36.0,Female,Chennai,16344.0,VIP,2024-03-30
CUST10214,19.0,Male,Hyderabad,27456.0,VIP,2025-11-28
CUST10215,61.0,Male,Hyderabad,16906.0,Premium,2024-12-23
CUST10216,43.0,Female,Bangalore,23199.0,Regular,2024-06-22
CUST10217,49.0,Male,Mumbai,44741.0,VIP,2024-08-04
CUST10218,23.0,Male,Hyderabad,37134.0,Premium,2025-03-31
CUST10219,49.0,Male,Mumbai,40417.0,VIP,2025-08-31
CUST10220,41.18242790073776,Female,Chennai,19194.0,Premium,2025-09-20
CUST10221,28.0,Female,Chennai,10689.0,Premium,2024-07-17
CUST10222,34.0,Female,Mumbai,1757.0,Regular,2025-04-30
CUST10223,55.0,Male,Chennai,32864.0,Premium,2025-06-16
CUST10224,41.0,Male,Mumbai,39631.0,Premium,2024-07-18
CUST10225,22.0,Female,Chennai,3264.0,Premium,2025-01-05
CUST10226,51.0,Male,Hyderabad,27642.0,Premium,2025-03-23
CUST10227,23.0,Female,Chennai,18537.0,VIP,2024-09-04
CUST10228,39.0,Male,Hyderabad,41347.0,Premium,2024-09-20
CUST10229,28.0,Male,Hyderabad,38605.0,VIP,2024-02-27
CUST10230,33.0,Male,Chennai,19701.0,Premium,2024-10-28
CUST10231,50.0,Female,Chennai,28530.0,Premium,2024-01-31
CUST10232,26.0,Male,Mumbai,6109.0,Premium,2025-05-12
CUST10233,23.0,Male,Chennai,49859.0,Regular,2024-09-05
CUST10234,33.0,Male,Chennai,4652.0,Regular,2025-08-27
CUST10235,46.0,Male,Hyderabad,9517.0,Regular,2024-09-27
CUST10236,20.0,Male,Chennai,42089.0,Premium,2025-08-28
CUST10237,37.0,Male,Bangalore,2771.0,Premium,2025-10-27
CUST10238,53.0,Female,Bangalore,6619.0,Premium,2025-01-28
CUST10239,36.0,Male,Mumbai,36830.0,Premium,2025-05-16
CUST10240,43.0,Female,Chennai,24975.41998649561,Regular,2025-08-14
CUST10241,20.0,Male,Mumbai,45990.0,Premium,2024-03-24
CUST10242,36.0,Female,Mumbai,3822.0,Regular,2024-12-30
CUST10243,37.0,Female,Bangalore,5006.0,Premium,2025-07-02
CUST10244,49.0,Male,Mumbai,30196.0,VIP,2024-12-07
CUST10245,24.0,Male,Bangalore,40131.0,Regular,2025-02-10
CUST10246,58.0,Female,Hyderabad,13799.0,Premium,2025-02-28
CUST10247,50.0,Female,Chennai,21538.0,Premium,2024-04-02
CUST10248,57.0,Male,Mumbai,43956.0,VIP,2025-09-05
CUST10249,56.0,Female,Bangalore,33676.0,Premium,2025-02-15
CUST10250,35.0,Female,Chennai,42038.0,Premium,2025-03-07
CUST10251,57.0,Female,Mumbai,49128.0,Regular,2025-11-08
CUST10252,18.0,Male,Hyderabad,49977.0,Regular,2024-06-07
CUST10253,28.0,Male,Hyderabad,32347.0,VIP,2024-01-14
CUST10254,45.0,Male,Chennai,43561.0,VIP,2025-01-07
CUST10255,42.0,Female,Bangalore,28038.0,Premium,2024-08-12
CUST10256,40.0,Male,Mumbai,40569.0,Regular,2025-05-19
CUST10257,48.0,Male,Bangalore,17700.0,VIP,2024-03-13
CUST10258,47.0,Male,Hyderabad,20535.0,VIP,2024-09-05
CUST10259,59.0,Male,Bangalore,18681.0,Premium,2025-05-25
CUST10260,52.0,Female,Hyderabad,14291.0,VIP,2025-08-25
CUST10261,24.0,Female,Bangalore,19290.0,Premium,2024-08-03
CUST10262,33.0,Male,Chennai,27486.0,Regular,2025-08-24
CUST10263,43.0,Male,Chennai,31821.0,VIP,2025-06-24
CUST10264,19.0,Male,Chennai,13804.0,Premium,2024-08-07
CUST10265,18.0,Male,Chennai,2223.0,Regular,2024-08-08
CUST10266,29.0,Male,Chennai,25274.0,VIP,2025-01-23
CUST10267,22.0,Male,Chennai,44401.0,Premium,2025-07-07
CUST10268,54.0,Female,Mumbai,49476.0,VIP,2025-10-08
CUST10269,49.0,Male,Mumbai,47316.0,Regular,2024-02-11
CUST10270,26.0,Female,Chennai,14686.0,Regular,2025-11-06
CUST10271,58.0,Male,Chennai,32076.0,Regular,2024-10-09
CUST10272,52.0,Female,Hyderabad,25516.0,Premium,2024-02-27
CUST10273,36.0,Female,Hyderabad,1914.0,VIP,2025-06-20
CUST10274,33.0,Female,Mumbai,13101.0,Premium,2024-03-13
CUST10275,41.18242790073776,Female,Mumbai,16608.0,Regular,2024-05-08
CUST10276,37.0,Male,Hyderabad,19730.0,Premium,2025-08-21
CUST10277,41.0,Male,Hyderabad,13480.0,VIP,2025-03-01
CUST10278,50.0,Female,Bangalore,48274.0,Premium,2025-10-26
CUST10279,41.0,Male,Bangalore,35799.0,VIP,2025-11-24
CUST10280,28.0,Female,Hyderabad,24975.41998649561,Premium,2024-05-04
CUST10281,25.0,Male,Bangalore,46906.0,Premium,2024-03-07
CUST10282,53.0,Female,Chennai,12417.0,Regular,2024-01-06
CUST10283,55.0,Male,Mumbai,35839.0,Premium,2025-09-28
CUST10284,57.0,Female,Mumbai,34885.0,VIP,2024-11-09
CUST10285,37.0,Female,Hyderabad,32080.0,VIP,2024-11-21
CUST10286,52.0,Male,Chennai,23899.0,VIP,2025-07-18
CUST10287,42.0,Female,Hyderabad,35283.0,VIP,2025-07-31
CUST10288,52.0,Female,Bangalore,29266.0,Regular,2025-05-20
CUST10289,42.0,Male,Chennai,19580.0,Premium,2024-03-22
CUST10290,46.0,Male,Bangalore,1709.0,Regular,2025-08-21
CUST10291,35.0,Male,Chennai,817.0,Regular,2024-01-02
CUST10292,63.0,Male,Bangalore,20045.0,Regular,2024-07-22
CUST10293,35.0,Female,Chennai,25692.0,VIP,2025-10-23
CUST10294,19.0,Female,Chennai,28241.0,VIP,2025-02-07
CUST10295,52.0,Female,Bangalore,30109.0,VIP,2024-04-12
CUST10296,33.0,Male,Bangalore,45530.0,Premium,2025-06-19
CUST10297,58.0,Female,Chennai,6882.0,Premium,2025-01-02
CUST10298,53.0,Male,Chennai,26636.0,VIP,2024-07-30
CUST10299,50.0,Female,Chennai,33916.0,Premium,2025-07-30
CUST10300,21.0,Male,Mumbai,26033.0,VIP,2024-07-27
CUST10301,50.0,Female,Chennai,11718.0,VIP,2024-04-26
CUST10302,31.0,Male,Chennai,8407.0,Regular,2025-09-19
CUST10303,38.0,Male,Mumbai,26771.0,Regular,2025-04-22
CUST10304,37.0,Female,Hyderabad,40773.0,Regular,2024-04-14
CUST10305,25.0,Female,Hyderabad,42861.0,Premium,2025-05-09
CUST10306,24.0,Male,Chennai,10438.0,Premium,2024-02-15
CUST10307,20.0,Male,Chennai,38446.0,Premium,2024-11-26
CUST10308,34.0,Female,Bangalore,46702.0,Premium,2024-08-03
CUST10309,50.0,Female,Chennai,6648.0,VIP,2025-05-06
CUST10310,29.0,Female,Mumbai,40249.0,Premium,2025-03-24
CUST10311,39.0,Female,Mumbai,21264.0,VIP,2025-06-19
CUST10312,39.0,Female,Hyderabad,27626.0,Premium,2025-05-25
CUST10313,63.0,Male,Mumbai,31322.0,Premium,2025-04-02
CUST10314,47.0,Female,Chennai,20276.0,Premium,2025-06-30
CUST10315,55.0,Male,Mumbai,3041.0,Premium,2025-06-19
CUST10316,55.0,Female,Chennai,5795.0,Regular,2025-06-23
CUST10317,62.0,Female,Bangalore,39269.0,Premium,2025-04-28
CUST10318,25.0,Male,Hyderabad,48047.0,Premium,2024-01-16
CUST10319,44.0,Male,Mumbai,47324.0,Regular,2025-07-24
CUST10320,44.0,Male,Chennai,24975.41998649561,Regular,2024-08-30
CUST10321,51.0,Female,Chennai,25653.0,Premium,2024-07-25
CUST10322,38.0,Female,Hyderabad,39065.0,VIP,2024-09-27
CUST10323,47.0,Female,Bangalore,38318.0,VIP,2024-04-24
CUST10324,50.0,Female,Chennai,25459.0,VIP,2025-08-02
CUST10325,45.0,Male,Bangalore,24916.0,Premium,2024-10-25
CUST10326,64.0,Female,Bangalore,8478.0,VIP,2025-04-27
CUST10327,50.0,Female,Mumbai,1981.0,Premium,2025-01-31
CUST10328,22.0,Male,Mumbai,39667.0,Premium,2025-01-28
CUST10329,36.0,Male,Chennai,47465.0,Premium,2024-03-15
CUST10330,41.18242790073776,Female,Chennai,13775.0,Premium,2025-04-26
CUST10331,52.0,Female,Chennai,4686.0,Regular,2024-04-12
CUST10332,34.0,Female,Chennai,25106.0,Premium,2024-10-23
CUST10333,61.0,Male,Bangalore,41298.0,VIP,2024-06-26
CUST10334,45.0,Female,Hyderabad,22931.0,Premium,2024-08-02
CUST10335,47.0,Male,Chennai,35213.0,VIP,2024-11-10
CUST10336,46.0,Female,Chennai,16559.0,Premium,2024-02-08
CUST10337,63.0,Female,Chennai,32543.0,Regular,2024-09-15
CUST10338,23.0,Female,Bangalore,42416.0,Premium,2024-01-07
CUST10339,52.0,Male,Bangalore,30695.0,Premium,2024-02-18
CUST10340,58.0,Male,Chennai,5977.0,VIP,2025-06-21
CUST10341,54.0,Male,Bangalore,39653.0,Premium,2024-06-09
CUST10342,41.0,Female,Mumbai,48701.0,Premium,2024-06-24
CUST10343,46.0,Female,Hyderabad,5022.0,Premium,2025-08-13
CUST10344,63.0,Female,Chennai,4786.0,VIP,2024-01-02
CUST10345,48.0,Male,Hyderabad,32866.0,Premium,2025-03-30
CUST10346,52.0,Female,Chennai,14507.0,Premium,2025-10-05
CUST10347,50.0,Female,Mumbai,32106.0,VIP,2024-10-02
CUST10348,38.0,Female,Bangalore,31522.0,Regular,2025-05-12
CUST10349,49.0,Male,Chennai,12305.0,VIP,2025-09-20
CUST10350,40.0,Male,Mumbai,21154.0,Regular,2025-11-06
CUST10351,50.0,Female,Hyderabad,23627.0,VIP,2024-01-28
CUST10352,20.0,Female,Chennai,46047.0,Premium,2024-11-28
CUST10353,35.0,Female,Bangalore,18543.0,Premium,2024-01-01
CUST10354,42.0,Female,Mumbai,16624.0,Premium,2024-07-06
CUST10355,59.0,Male,Chennai,28302.0,VIP,2024-02-25
CUST10356,48.0,Male,Mumbai,116.0,Premium,2025-06-30
CUST10357,20.0,Female,Mumbai,46242.0,Regular,2024-04-21
CUST10358,57.0,Female,Bangalore,16948.0,VIP,2024-11-05
CUST10359,63.0,Male,Chennai,20955.0,Premium,2024-02-05
CUST10360,41.0,Male,Chennai,24975.41998649561,Regular,2025-03-14
CUST10361,49.0,Female,Bangalore,25195.0,Regular,2025-08-14
CUST10362,64.0,Female,Mumbai,38824.0,Premium,2025-08-17
CUST10363,39.0,Male,Bangalore,49341.0,VIP,2025-07-30
CUST10364,40.0,Female,Chennai,37683.0,Regular,2024-11-20
CUST10365,19.0,Female,Chennai,2943.0,Premium,2025-10-01
CUST10366,44.0,Female,Chennai,29401.0,Regular,2024-11-02
CUST10367,59.0,Male,Hyderabad,26560.0,Regular,2025-06-17
CUST10368,19.0,Female,Chennai,32018.0,Premium,2025-09-10
CUST10369,43.0,Female,Chennai,28847.0,Premium,2024-04-18
CUST10370,34.0,Female,Mumbai,16072.0,Premium,2025-01-06
CUST10371,57.0,Female,Chennai,28410.0,Premium,2024-12-22
CUST10372,50.0,Male,Chennai,23027.0,Regular,2024-06-29
CUST10373,26.0,Male,Bangalore,1194.0,Regular,2024-12-21
CUST10374,60.0,Male,Mumbai,38992.0,Premium,2025-11-06
CUST10375,56.0,Male,Hyderabad,34272.0,Regular,2024-03-08
CUST10376,46.0,Male,Chennai,23424.0,Regular,2024-10-18
CUST10377,59.0,Male,Bangalore,20774.0,Premium,2025-11-22
CUST10378,43.0,Male,Chennai,4082.0,Premium,2024-06-29
CUST10379,52.0,Male,Hyderabad,45383.0,Regular,2025-04-10
CUST10380,42.0,Male,Hyderabad,15890.0,Premium,2025-03-09
CUST10381,41.0,Male,Chennai,12305.0,Premium,2025-04-08
CUST10382,30.0,Female,Hyderabad,24438.0,Premium,2025-11-11
CUST10383,24.0,Male,Chennai,12848.0,Regular,2025-06-17
CUST10384,53.0,Female,Mumbai,21197.0,Premium,2024-03-06
CUST10385,41.18242790073776,Female,Mumbai,3192.0,Regular,2024-01-21
CUST10386,37.0,Male,Chennai,22792.0,Regular,2025-09-03
CUST10387,18.0,Male,Chennai,23962.0,Regular,2025-01-18
CUST10388,25.0,Female,Chennai,24960.0,Premium,2025-09-06
CUST10389,63.0,Male,Hyderabad,14071.0,Premium,2025-07-12
CUST10390,33.0,Female,Chennai,14716.0,Premium,2024-02-08
CUST10391,31.0,Male,Bangalore,5033.0,Premium,2024-10-11
CUST10392,29.0,Female,Hyderabad,5026.0,Premium,2025-08-24
CUST10393,40.0,Female,Bangalore,25863.0,VIP,2025-08-19
CUST10394,32.0,Female,Chennai,4069.0,Regular,2024-12-01
CUST10395,45.0,Male,Mumbai,35833.0,Regular,2024-07-06
CUST10396,51.0,Male,Chennai,4419.0,Premium,2025-11-01
CUST10397,19.0,Male,Mumbai,41843.0,VIP,2024-08-30
CUST10398,49.0,Male,Chennai,39976.0,Regular,2024-03-13
CUST10399,40.0,Male,Chennai,42009.0,Premium,2025-04-23
CUST10400,39.0,Male,Bangalore,24975.41998649561,Premium,2025-07-14
CUST10401,42.0,Male,Mumbai,16528.0,Regular,2024-04-10
CUST10402,39.0,Male,Hyderabad,34678.0,Regular,2025-05-28
CUST10403,39.0,Male,Bangalore,21050.0,Premium,2024-06-24
CUST10404,59.0,Male,Hyderabad,43141.0,Premium,2024-08-25
CUST10405,23.0,Male,Bangalore,41889.0,Premium,2024-02-28
CUST10406,32.0,Male,Bangalore,18393.0,Premium,2024-04-08
CUST10407,60.0,Male,Chennai,6464.0,Regular,2025-05-09
CUST10408,54.0,Male,Mumbai,35449.0,Regular,2025-05-28
CUST10409,50.0,Female,Mumbai,791.0,Premium,2024-10-23
CUST10410,25.0,Male,Bangalore,30162.0,Regular,2024-07-29
CUST10411,61.0,Male,Chennai,1031.0,Regular,2024-05-02
CUST10412,61.0,Female,Chennai,45996.0,Premium,2024-08-16
CUST10413,22.0,Female,Hyderabad,31830.0,Regular,2025-08-16
CUST10414,56.0,Female,Hyderabad,14326.0,Regular,2025-10-17
CUST10415,21.0,Male,Chennai,13961.0,VIP,2025-01-22
CUST10416,23.0,Female,Bangalore,31401.0,Premium,2024-05-19
CUST10417,62.0,Male,Hyderabad,48343.0,Premium,2025-06-24
CUST10418,49.0,Male,Hyderabad,22866.0,VIP,2025-01-25
CUST10419,47.0,Male,Bangalore,36274.0,Premium,2024-09-26
CUST10420,64.0,Female,Chennai,41207.0,Premium,2024-01-12
CUST10421,52.0,Male,Hyderabad,17795.0,Premium,2025-01-23
CUST10422,57.0,Female,Chennai,41447.0,VIP,2024-12-02
CUST10423,33.0,Female,Mumbai,3221.0,VIP,2025-05-20
CUST10424,30.0,Male,Chennai,18357.0,Premium,2024-04-15
CUST10425,59.0,Male,Chennai,28264.0,Regular,2024-02-01
CUST10426,47.0,Female,Chennai,25591.0,Regular,2024-03-14
CUST10427,36.0,Female,Chennai,23265.0,VIP,2024-06-19
CUST10428,34.0,Male,Chennai,48814.0,VIP,2024-03-09
CUST10429,36.0,Female,Mumbai,3848.0,VIP,2024-12-27
CUST10430,45.0,Male,Bangalore,33145.0,Premium,2025-10-10
CUST10431,43.0,Male,Chennai,26653.0,Regular,2025-03-08
CUST10432,54.0,Male,Chennai,44431.0,VIP,2024-04-09
CUST10433,43.0,Male,Chennai,30597.0,VIP,2025-10-19
CUST10434,40.0,Female,Mumbai,31408.0,Premium,2024-01-09
CUST10435,26.0,Male,Bangalore,39660.0,Premium,2025-07-27
CUST10436,29.0,Female,Chennai,46786.0,Premium,2025-11-27
CUST10437,18.0,Male,Chennai,10474.0,Regular,2024-01-29
CUST10438,18.0,Female,Mumbai,4775.0,Premium,2024-04-23
CUST10439,64.0,Female,Bangalore,1270.0,Premium,2025-04-06
CUST10440,41.18242790073776,Female,Mumbai,24975.41998649561,Premium,2024-05-22
CUST10441,49.0,Female,Bangalore,43585.0,Premium,2025-01-24
CUST10442,42.0,Male,Mumbai,12550.0,Regular,2025-09-23
CUST10443,57.0,Male,Chennai,10780.0,Premium,2025-11-12
CUST10444,62.0,Female,Chennai,10168.0,Premium,2024-06-05
CUST10445,18.0,Male,Hyderabad,35330.0,Regular,2024-11-30
CUST10446,33.0,Male,Chennai,46518.0,VIP,2024-09-16
CUST10447,56.0,Female,Mumbai,26306.0,Premium,2024-03-22
CUST10448,22.0,Female,Hyderabad,387.0,Regular,2025-03-16
CUST10449,39.0,Female,Chennai,22437.0,Premium,2024-06-20
CUST10450,46.0,Female,Mumbai,20766.0,VIP,2024-08-18
CUST10451,20.0,Female,Bangalore,1261.0,Regular,2024-03-15
CUST10452,29.0,Female,Chennai,49381.0,Premium,2024-09-26
CUST10453,43.0,Male,Chennai,35231.0,Regular,2025-09-17
CUST10454,33.0,Female,Hyderabad,24635.0,Premium,2024-03-02
CUST10455,54.0,Male,Chennai,32628.0,Regular,2024-11-15
CUST10456,39.0,Male,Chennai,38851.0,Premium,2024-04-11
CUST10457,46.0,Female,Chennai,16627.0,VIP,2025-03-04
CUST10458,31.0,Female,Mumbai,41075.0,VIP,2024-09-11
CUST10459,45.0,Female,Bangalore,23953.0,VIP,2025-06-15
CUST10460,22.0,Male,Chennai,14858.0,Regular,2025-07-23
CUST10461,64.0,Female,Bangalore,344.0,VIP,2024-04-21
CUST10462,47.0,Male,Mumbai,3278.0,Premium,2024-11-08
CUST10463,63.0,Female,Chennai,31931.0,VIP,2025-04-05
CUST10464,22.0,Male,Bangalore,2276.0,Premium,2025-04-06
CUST10465,29.0,Male,Hyderabad,37870.0,Premium,2024-04-01
CUST10466,33.0,Female,Hyderabad,33754.0,Premium,2024-02-21
CUST10467,43.0,Male,Chennai,26727.0,Regular,2025-06-03
CUST10468,43.0,Female,Mumbai,46589.0,Premium,2024-04-07
CUST10469,38.0,Female,Chennai,45010.0,VIP,2024-08-23
CUST10470,56.0,Female,Chennai,24981.0,Premium,2025-01-08
CUST10471,53.0,Male,Chennai,35522.0,Premium,2025-08-03
CUST10472,50.0,Male,Hyderabad,12084.0,Premium,2025-07-10
CUST10473,47.0,Female,Hyderabad,23876.0,Premium,2025-10-10
CUST10474,54.0,Female,Chennai,17855.0,Premium,2024-08-21
CUST10475,40.0,Female,Hyderabad,7235.0,Regular,2024-02-01
CUST10476,27.0,Female,Mumbai,420.0,Premium,2024-10-15
CUST10477,22.0,Male,Chennai,37522.0,Premium,2025-09-29
CUST10478,53.0,Male,Hyderabad,28735.0,Regular,2025-08-01
CUST10479,51.0,Male,Bangalore,21784.0,Regular,2025-06-25
CUST10480,48.0,Female,Chennai,24975.41998649561,Regular,2024-04-23
CUST10481,27.0,Male,Chennai,21989.0,Premium,2024-07-22
CUST10482,36.0,Female,Mumbai,30413.0,Premium,2024-01-29
CUST10483,49.0,Male,Chennai,32635.0,Premium,2025-10-04
CUST10484,18.0,Male,Chennai,48999.0,Premium,2025-04-18
CUST10485,22.0,Male,Mumbai,10870.0,Premium,2025-11-27
CUST10486,62.0,Female,Mumbai,39421.0,Premium,2024-09-09
CUST10487,21.0,Male,Mumbai,20526.0,Regular,2025-01-20
CUST10488,33.0,Male,Chennai,44427.0,VIP,2024-03-02
CUST10489,41.0,Female,Mumbai,41877.0,Premium,2025-05-29
CUST10490,33.0,Female,Hyderabad,46350.0,Premium,2025-03-05
CUST10491,19.0,Male,Chennai,7598.0,Premium,2025-08-02
CUST10492,45.0,Male,Chennai,39504.0,Premium,2025-06-20
CUST10493,49.0,Female,Bangalore,40230.0,Premium,2025-11-21
CUST10494,44.0,Male,Bangalore,16495.0,VIP,2024-05-20
CUST10495,41.18242790073776,Female,Chennai,49446.0,Regular,2024-10-26
CUST10496,41.0,Female,Hyderabad,2637.0,Premium,2025-11-05
CUST10497,29.0,Male,Chennai,19326.0,VIP,2024-11-06
CUST10498,52.0,Female,Chennai,15316.0,Premium,2025-04-15
CUST10499,50.0,Female,Hyderabad,18713.0,Premium,2025-01-27
CUST10500,50.0,Male,Chennai,3109.0,Premium,2025-10-03
CUST10501,60.0,Male,Mumbai,24468.0,VIP,2025-03-20
CUST10502,54.0,Female,Chennai,29427.0,Regular,2024-06-20
CUST10503,29.0,Male,Chennai,14309.0,Premium,2025-07-29
CUST10504,20.0,Male,Hyderabad,48543.0,Regular,2024-01-31
CUST10505,18.0,Female,Chennai,15129.0,Regular,2024-02-16
CUST10506,50.0,Male,Bangalore,2177.0,Premium,2024-05-09
CUST10507,57.0,Female,Bangalore,14007.0,VIP,2024-12-17
CUST10508,27.0,Female,Chennai,36735.0,VIP,2025-09-13
CUST10509,60.0,Female,Bangalore,49020.0,Premium,2025-08-03
CUST10510,61.0,Male,Hyderabad,4973.0,Premium,2024-02-27
CUST10511,46.0,Male,Hyderabad,8735.0,Regular,2024-04-15
CUST10512,30.0,Male,Chennai,33165.0,Premium,2024-11-25
CUST10513,29.0,Female,Bangalore,45963.0,VIP,2025-11-13
CUST10514,48.0,Female,Hyderabad,41904.0,Premium,2025-01-17
CUST10515,63.0,Female,Hyderabad,33883.0,Premium,2024-06-10
CUST10516,19.0,Male,Mumbai,34252.0,Premium,2024-10-12
CUST10517,52.0,Male,Mumbai,41613.0,Premium,2024-03-11
CUST10518,40.0,Female,Hyderabad,29192.0,Regular,2025-03-29
CUST10519,34.0,Male,Chennai,17753.0,Premium,2025-07-20
CUST10520,43.0,Female,Chennai,24975.41998649561,Premium,2025-01-31
CUST10521,25.0,Female,Chennai,34128.0,Premium,2025-05-29
CUST10522,46.0,Male,Hyderabad,40569.0,Regular,2024-01-26
CUST10523,43.0,Female,Hyderabad,21047.0,Regular,2024-11-08
CUST10524,27.0,Male,Hyderabad,30078.0,Premium,2024-05-05
CUST10525,43.0,Female,Chennai,22156.0,Premium,2025-02-11
CUST10526,51.0,Male,Mumbai,29107.0,Premium,2025-07-18
CUST10527,58.0,Female,Hyderabad,43269.0,Premium,2024-07-16
CUST10528,24.0,Female,Hyderabad,48387.0,Premium,2024-07-06
CUST10529,21.0,Male,Bangalore,44732.0,Premium,2025-11-28
CUST10530,62.0,Female,Chennai,48549.0,Regular,2025-04-28
CUST10531,28.0,Male,Hyderabad,5643.0,Premium,2025-03-25
CUST10532,46.0,Male,Bangalore,21167.0,Premium,2025-06-06
CUST10533,53.0,Female,Chennai,45356.0,Premium,2024-12-19
CUST10534,42.0,Female,Hyderabad,25197.0,Premium,2025-10-19
CUST10535,38.0,Female,Hyderabad,42947.0,Premium,2025-08-19
CUST10536,53.0,Male,Bangalore,43612.0,Premium,2024-04-09
CUST10537,27.0,Female,Chennai,3909.0,Regular,2025-09-07
CUST10538,54.0,Male,Hyderabad,22291.0,VIP,2025-07-11
CUST10539,26.0,Male,Chennai,21367.0,VIP,2025-07-09
CUST10540,41.0,Male,Hyderabad,7306.0,Regular,2024-10-04
CUST10541,52.0,Male,Chennai,21157.0,VIP,2025-11-23
CUST10542,52.0,Male,Mumbai,29092.0,Regular,2025-11-29
CUST10543,53.0,Male,Mumbai,46614.0,Premium,2025-09-17
CUST10544,35.0,Male,Chennai,16095.0,Premium,2025-05-05
CUST10545,56.0,Male,Chennai,48903.0,Premium,2024-09-11
CUST10546,49.0,Female,Hyderabad,44539.0,Premium,2025-01-15
CUST10547,41.0,Male,Hyderabad,13310.0,Premium,2025-06-25
CUST10548,40.0,Female,Mumbai,17893.0,Premium,2024-09-20
CUST10549,49.0,Female,Chennai,26370.0,VIP,2025-09-01
CUST10550,41.18242790073776,Male,Hyderabad,5297.0,Premium,2024-11-24
CUST10551,29.0,Male,Hyderabad,48421.0,VIP,2024-04-24
CUST10552,30.0,Female,Chennai,7552.0,VIP,2024-10-02
CUST10553,40.0,Female,Bangalore,41586.0,Premium,2025-05-02
CUST10554,42.0,Male,Mumbai,14959.0,Premium,2024-10-07
CUST10555,52.0,Female,Mumbai,27336.0,Premium,2024-10-01
CUST10556,58.0,Male,Bangalore,31999.0,Premium,2024-11-23
CUST10557,47.0,Female,Hyderabad,32183.0,Premium,2024-07-29
CUST10558,34.0,Male,Chennai,2272.0,Premium,2025-07-05
CUST10559,37.0,Male,Chennai,46026.0,Premium,2024-01-26
CUST10560,42.0,Female,Mumbai,24975.41998649561,VIP,2024-01-27
CUST10561,39.0,Female,Chennai,27640.0,Premium,2024-03-23
CUST10562,30.0,Female,Bangalore,19153.0,Premium,2025-11-12
CUST10563,36.0,Female,Hyderabad,11185.0,Regular,2025-02-16
CUST10564,53.0,Male,Bangalore,30664.0,Premium,2024-06-15
CUST10565,29.0,Female,Chennai,24309.0,Premium,2025-11-30
CUST10566,58.0,Female,Mumbai,4081.0,Regular,2024-06-17
CUST10567,36.0,Male,Chennai,21253.0,Premium,2024-08-16
CUST10568,29.0,Male,Chennai,5347.0,Premium,2025-08-31
CUST10569,26.0,Male,Chennai,10653.0,Premium,2025-01-01
CUST10570,24.0,Male,Hyderabad,20911.0,Premium,2025-06-11
CUST10571,45.0,Female,Hyderabad,29945.0,Premium,2025-10-08
CUST10572,31.0,Male,Hyderabad,6235.0,Premium,2025-06-21
CUST10573,48.0,Male,Chennai,5673.0,VIP,2025-06-07
CUST10574,36.0,Female,Chennai,13831.0,Premium,2024-03-12
CUST10575,64.0,Male,Hyderabad,7289.0,Premium,2025-10-06
CUST10576,33.0,Male,Chennai,14641.0,Regular,2024-04-15
CUST10577,22.0,Female,Chennai,43746.0,VIP,2025-11-19
CUST10578,52.0,Female,Chennai,11187.0,Premium,2024-10-08
CUST10579,29.0,Male,Chennai,46535.0,VIP,2024-05-12
CUST10580,42.0,Female,Chennai,2876.0,Premium,2025-06-17
CUST10581,38.0,Female,Mumbai,42179.0,Premium,2024-09-25
CUST10582,53.0,Female,Chennai,27664.0,VIP,2025-02-15
CUST10583,40.0,Male,Chennai,28935.0,Premium,2025-11-03
CUST10584,33.0,Male,Bangalore,7797.0,Premium,2025-09-10
CUST10585,56.0,Male,Hyderabad,14729.0,VIP,2024-01-18
CUST10586,62.0,Female,Mumbai,8486.0,Regular,2024-04-26
CUST10587,59.0,Male,Mumbai,17146.0,VIP,2024-05-23
CUST10588,56.0,Female,Mumbai,8144.0,Regular,2025-07-04
CUST10589,31.0,Female,Bangalore,9715.0,Premium,2025-10-27
CUST10590,48.0,Female,Chennai,47902.0,VIP,2025-11-18
CUST10591,22.0,Male,Hyderabad,5160.0,VIP,2025-02-25
CUST10592,52.0,Female,Chennai,11000.0,Regular,2025-01-03
CUST10593,40.0,Male,Chennai,5681.0,VIP,2025-10-07
CUST10594,46.0,Female,Bangalore,34882.0,VIP,2025-07-11
CUST10595,60.0,Female,Chennai,20273.0,Premium,2024-02-19
CUST10596,28.0,Male,Chennai,13097.0,VIP,2025-11-08
CUST10597,35.0,Male,Bangalore,43503.0,Premium,2024-04-15
CUST10598,64.0,Male,Mumbai,46516.0,Regular,2024-08-03
CUST10599,29.0,Male,Mumbai,7248.0,VIP,2025-10-19
CUST10600,26.0,Female,Hyderabad,24975.41998649561,Regular,2025-02-28
CUST10601,27.0,Male,Hyderabad,14122.0,Regular,2024-03-12
CUST10602,61.0,Male,Mumbai,20113.0,Regular,2025-03-21
CUST10603,34.0,Male,Chennai,38787.0,VIP,2024-07-04
CUST10604,55.0,Male,Chennai,15986.0,VIP,2024-03-10
CUST10605,41.18242790073776,Female,Chennai,25356.0,Regular,2024-05-29
CUST10606,63.0,Female,Chennai,30105.0,Premium,2024-09-02
CUST10607,30.0,Male,Mumbai,6738.0,Regular,2025-06-21
CUST10608,57.0,Female,Hyderabad,37519.0,Premium,2025-10-13
CUST10609,59.0,Male,Hyderabad,33477.0,Regular,2024-04-08
CUST10610,26.0,Male,Chennai,40808.0,Premium,2024-10-04
CUST10611,44.0,Male,Hyderabad,43216.0,Regular,2025-07-16
CUST10612,19.0,Male,Mumbai,36734.0,Regular,2025-10-24
CUST10613,22.0,Female,Chennai,16855.0,VIP,2025-03-30
CUST10614,46.0,Female,Chennai,23482.0,Premium,2024-04-13
CUST10615,54.0,Female,Hyderabad,49867.0,Premium,2025-08-23
CUST10616,55.0,Male,Bangalore,22494.0,Premium,2025-10-14
CUST10617,36.0,Female,Hyderabad,2353.0,Premium,2024-08-20
CUST10618,25.0,Female,Chennai,37810.0,Regular,2025-01-28
CUST10619,62.0,Male,Chennai,45198.0,VIP,2025-05-15
CUST10620,18.0,Male,Chennai,964.0,VIP,2025-11-25
CUST10621,39.0,Female,Bangalore,34136.0,Premium,2024-09-07
CUST10622,34.0,Male,Mumbai,40322.0,VIP,2025-06-04
CUST10623,24.0,Female,Hyderabad,13766.0,Premium,2024-03-19
CUST10624,42.0,Female,Chennai,21055.0,Premium,2024-02-21
CUST10625,62.0,Female,Mumbai,45238.0,Premium,2024-08-13
CUST10626,21.0,Female,Chennai,38097.0,Premium,2024-02-20
CUST10627,53.0,Female,Chennai,16409.0,Premium,2024-07-04
CUST10628,23.0,Female,Mumbai,4154.0,VIP,2024-02-03
CUST10629,48.0,Female,Chennai,1035.0,Premium,2024-05-10
CUST10630,36.0,Male,Bangalore,45040.0,Premium,2025-09-23
CUST10631,61.0,Male,Bangalore,22878.0,Regular,2025-03-18
CUST10632,56.0,Female,Hyderabad,43398.0,Premium,2025-03-07
CUST10633,44.0,Male,Hyderabad,48428.0,Premium,2025-05-11
CUST10634,27.0,Male,Bangalore,49024.0,Regular,2025-02-06
CUST10635,43.0,Male,Chennai,16809.0,Regular,2024-11-18
CUST10636,36.0,Female,Bangalore,9826.0,VIP,2024-07-28
CUST10637,56.0,Female,Hyderabad,40642.0,Premium,2025-09-06
CUST10638,20.0,Male,Bangalore,20345.0,VIP,2024-11-24
CUST10639,62.0,Male,Bangalore,34853.0,VIP,2025-01-06
CUST10640,30.0,Male,Chennai,24975.41998649561,Regular,2025-04-04
CUST10641,45.0,Male,Mumbai,21416.0,Premium,2024-05-12
CUST10642,37.0,Female,Hyderabad,37471.0,VIP,2025-10-12
CUST10643,45.0,Male,Chennai,19262.0,Premium,2024-04-30
CUST10644,25.0,Female,Bangalore,16060.0,Premium,2025-08-28
CUST10645,58.0,Female,Bangalore,30891.0,Regular,2025-03-27
CUST10646,56.0,Female,Mumbai,42330.0,Premium,2024-05-08
CUST10647,18.0,Male,Hyderabad,25316.0,Premium,2024-03-31
CUST10648,20.0,Male,Hyderabad,32567.0,Regular,2025-08-26
CUST10649,30.0,Female,Chennai,47034.0,Premium,2025-07-28
CUST10650,45.0,Female,Hyderabad,7854.0,Regular,2024-01-29
CUST10651,42.0,Female,Mumbai,47114.0,Premium,2025-06-07
CUST10652,50.0,Male,Chennai,4178.0,Premium,2024-11-28
CUST10653,55.0,Female,Chennai,12953.0,Regular,2024-10-23
CUST10654,23.0,Male,Bangalore,4142.0,VIP,2024-05-09
CUST10655,61.0,Male,Bangalore,49152.0,Premium,2024-10-19
CUST10656,62.0,Female,Hyderabad,14489.0,Premium,2024-06-21
CUST10657,49.0,Female,Chennai,30525.0,Regular,2024-01-24
CUST10658,62.0,Male,Bangalore,2675.0,Premium,2024-04-08
CUST10659,64.0,Male,Mumbai,39622.0,Premium,2025-02-09
CUST10660,41.18242790073776,Female,Bangalore,28279.0,Premium,2024-12-21
CUST10661,33.0,Male,Bangalore,34854.0,Premium,2024-05-18
CUST10662,38.0,Female,Chennai,18724.0,Regular,2025-05-17
CUST10663,28.0,Male,Chennai,20450.0,VIP,2024-06-22
CUST10664,54.0,Female,Chennai,26781.0,VIP,2024-01-29
CUST10665,53.0,Male,Mumbai,24088.0,VIP,2025-05-10
CUST10666,52.0,Female,Chennai,15570.0,Regular,2025-10-16
CUST10667,36.0,Male,Hyderabad,24804.0,VIP,2024-12-16
CUST10668,37.0,Male,Mumbai,38836.0,Premium,2025-07-07
CUST10669,35.0,Male,Mumbai,29477.0,Regular,2024-10-25
CUST10670,64.0,Female,Chennai,28672.0,Premium,2024-07-10
CUST10671,58.0,Female,Mumbai,7593.0,Premium,2025-11-02
CUST10672,31.0,Female,Chennai,4203.0,Premium,2024-03-04
CUST10673,32.0,Male,Bangalore,34944.0,VIP,2025-10-25
CUST10674,48.0,Male,Chennai,3094.0,Premium,2024-08-02
CUST10675,18.0,Female,Bangalore,3844.0,Regular,2024-06-14
CUST10676,20.0,Female,Chennai,47334.0,Premium,2025-06-26
CUST10677,33.0,Male,Chennai,47391.0,Premium,2024-08-19
CUST10678,40.0,Male,Bangalore,27432.0,Regular,2025-06-24
CUST10679,28.0,Female,Hyderabad,5694.0,Premium,2024-07-13
CUST10680,29.0,Male,Hyderabad,24975.41998649561,Premium,2025-05-20
CUST10681,27.0,Male,Hyderabad,7471.0,Premium,2024-11-29
CUST10682,49.0,Female,Chennai,47415.0,Premium,2024-10-30
CUST10683,33.0,Male,Mumbai,18128.0,Regular,2025-03-12
CUST10684,25.0,Male,Chennai,36012.0,Premium,2024-11-18
CUST10685,55.0,Male,Mumbai,14090.0,Premium,2025-05-16
CUST10686,29.0,Male,Bangalore,46951.0,Regular,2025-01-27
CUST10687,41.0,Male,Chennai,16726.0,Premium,2025-08-21
CUST10688,45.0,Male,Mumbai,20569.0,Premium,2024-05-28
CUST10689,25.0,Male,Hyderabad,40822.0,Premium,2025-02-08
CUST10690,45.0,Male,Chennai,40137.0,Premium,2024-10-09
CUST10691,53.0,Male,Bangalore,7230.0,Regular,2024-12-27
CUST10692,43.0,Male,Hyderabad,6928.0,Premium,2025-01-13
CUST10693,25.0,Female,Bangalore,41712.0,Regular,2024-07-16
CUST10694,45.0,Male,Chennai,47088.0,Premium,2025-07-09
CUST10695,45.0,Female,Chennai,39199.0,Premium,2024-12-21
CUST10696,54.0,Female,Chennai,46265.0,Premium,2025-06-23
CUST10697,58.0,Male,Chennai,17983.0,VIP,2025-03-04
CUST10698,53.0,Female,Chennai,43159.0,Premium,2024-01-17
CUST10699,44.0,Female,Mumbai,18642.0,Premium,2025-09-30
CUST10700,34.0,Female,Bangalore,43032.0,VIP,2025-01-13
CUST10701,26.0,Male,Hyderabad,10550.0,VIP,2025-11-10
CUST10702,50.0,Female,Chennai,20523.0,Regular,2025-05-20
CUST10703,37.0,Male,Mumbai,2135.0,Regular,2024-03-16
CUST10704,30.0,Male,Hyderabad,44331.0,Premium,2024-08-18
CUST10705,45.0,Male,Hyderabad,40845.0,Premium,2024-09-04
CUST10706,46.0,Female,Chennai,17341.0,Premium,2024-10-28
CUST10707,30.0,Female,Mumbai,23254.0,Premium,2024-08-02
CUST10708,63.0,Female,Hyderabad,25725.0,Regular,2024-06-06
CUST10709,52.0,Male,Hyderabad,45050.0,Premium,2024-03-09
CUST10710,23.0,Male,Mumbai,33166.0,Premium,2025-01-27
CUST10711,35.0,Male,Chennai,33791.0,Premium,2024-03-25
CUST10712,22.0,Female,Hyderabad,13431.0,Premium,2024-09-23
CUST10713,64.0,Female,Bangalore,20790.0,VIP,2024-03-09
CUST10714,42.0,Male,Mumbai,19283.0,Premium,2025-09-02
CUST10715,41.18242790073776,Male,Hyderabad,39446.0,Premium,2024-12-12
CUST10716,27.0,Male,Chennai,4975.0,Premium,2025-11-03
CUST10717,47.0,Male,Bangalore,12354.0,Regular,2025-02-26
CUST10718,62.0,Female,Hyderabad,28721.0,VIP,2025-08-28
CUST10719,22.0,Male,Bangalore,11005.0,Premium,2024-06-22
CUST10720,50.0,Male,Bangalore,24975.41998649561,Premium,2025-11-07
CUST10721,18.0,Female,Chennai,15982.0,Premium,2024-04-24
CUST10722,35.0,Male,Bangalore,19141.0,VIP,2024-08-07
CUST10723,49.0,Male,Chennai,29198.0,Premium,2024-01-31
CUST10724,64.0,Male,Mumbai,42531.0,Premium,2025-06-06
CUST10725,28.0,Female,Chennai,33809.0,Premium,2024-12-08
CUST10726,38.0,Male,Chennai,34775.0,Regular,2025-01-11
CUST10727,43.0,Male,Hyderabad,4937.0,Premium,2024-05-09
CUST10728,42.0,Female,Mumbai,46548.0,Premium,2025-09-08
CUST10729,39.0,Male,Mumbai,24589.0,Regular,2025-06-22
CUST10730,44.0,Female,Chennai,17727.0,Regular,2024-01-02
CUST10731,30.0,Female,Chennai,5796.0,Premium,2024-04-10
CUST10732,50.0,Male,Hyderabad,49094.0,VIP,2025-06-16
CUST10733,51.0,Male,Chennai,13643.0,Premium,2024-02-27
CUST10734,58.0,Male,Bangalore,12715.0,Regular,2025-01-23
CUST10735,52.0,Male,Chennai,1566.0,VIP,2025-11-22
CUST10736,18.0,Male,Mumbai,30871.0,Premium,2024-12-06
CUST10737,38.0,Female,Hyderabad,18450.0,Premium,2024-01-20
CUST10738,23.0,Male,Chennai,475.0,Premium,2024-09-11
CUST10739,45.0,Male,Hyderabad,33130.0,Regular,2024-11-12
CUST10740,34.0,Male,Hyderabad,20846.0,Premium,2024-02-07
CUST10741,22.0,Male,Bangalore,22986.0,Premium,2025-10-21
CUST10742,48.0,Female,Bangalore,44448.0,Premium,2025-06-20
CUST10743,22.0,Female,Mumbai,43004.0,Premium,2025-01-20
CUST10744,55.0,Female,Chennai,32751.0,Premium,2025-09-24
CUST10745,20.0,Female,Hyderabad,7933.0,VIP,2024-01-26
CUST10746,40.0,Female,Chennai,1993.0,Premium,2025-03-29
CUST10747,54.0,Male,Mumbai,30673.0,Premium,2025-11-11
CUST10748,54.0,Female,Hyderabad,31471.0,Regular,2024-11-18
CUST10749,27.0,Female,Hyderabad,40974.0,Premium,2025-05-27
CUST10750,27.0,Female,Chennai,11926.0,Premium,2024-01-13
CUST10751,36.0,Male,Chennai,34520.0,Premium,2025-07-13
CUST10752,34.0,Male,Bangalore,22024.0,Premium,2025-01-05
CUST10753,38.0,Female,Chennai,33467.0,Premium,2024-10-17
CUST10754,31.0,Male,Chennai,21299.0,Regular,2024-11-27
CUST10755,26.0,Male,Bangalore,25968.0,VIP,2025-08-28
CUST10756,63.0,Male,Chennai,8892.0,VIP,2024-09-17
CUST10757,18.0,Male,Bangalore,20697.0,Premium,2024-07-23
CUST10758,62.0,Female,Hyderabad,36505.0,Regular,2025-11-27
CUST10759,30.0,Male,Chennai,32796.0,Premium,2025-11-17
CUST10760,21.0,Male,Bangalore,24975.41998649561,Premium,2025-01-21
CUST10761,18.0,Female,Bangalore,16089.0,Premium,2025-04-12
CUST10762,57.0,Female,Bangalore,29031.0,VIP,2025-02-18
CUST10763,49.0,Female,Chennai,9390.0,Regular,2024-03-09
CUST10764,51.0,Male,Mumbai,38467.0,VIP,2025-04-16
CUST10765,45.0,Male,Chennai,14442.0,Premium,2024-04-13
CUST10766,48.0,Male,Chennai,25041.0,VIP,2024-06-09
CUST10767,25.0,Female,Chennai,14045.0,Premium,2024-07-18
CUST10768,56.0,Female,Bangalore,10862.0,Regular,2024-08-03
CUST10769,43.0,Female,Hyderabad,30233.0,Regular,2024-07-30
CUST10770,41.18242790073776,Female,Chennai,47180.0,Premium,2025-05-22
CUST10771,20.0,Female,Chennai,40250.0,Premium,2024-01-16
CUST10772,29.0,Male,Bangalore,27152.0,VIP,2025-05-12
CUST10773,18.0,Female,Hyderabad,41850.0,Regular,2024-11-27
CUST10774,61.0,Male,Hyderabad,20053.0,Regular,2025-07-04
CUST10775,22.0,Female,Chennai,40575.0,Premium,2025-08-23
CUST10776,47.0,Female,Chennai,17230.0,Premium,2024-09-12
CUST10777,47.0,Female,Hyderabad,31186.0,VIP,2024-06-20
CUST10778,34.0,Male,Hyderabad,4733.0,VIP,2025-10-10
CUST10779,64.0,Male,Mumbai,17404.0,Premium,2025-05-12
CUST10780,40.0,Male,Mumbai,42137.0,Regular,2025-04-15
CUST10781,32.0,Male,Hyderabad,32384.0,Premium,2025-01-18
CUST10782,54.0,Male,Chennai,46646.0,Premium,2025-11-20
CUST10783,38.0,Male,Hyderabad,7108.0,Premium,2025-08-11
CUST10784,31.0,Male,Bangalore,48391.0,Premium,2025-11-30
CUST10785,19.0,Male,Chennai,27505.0,Premium,2025-05-21
CUST10786,28.0,Female,Chennai,36486.0,Premium,2025-06-10
CUST10787,56.0,Female,Bangalore,25473.0,Regular,2024-11-20
CUST10788,55.0,Female,Chennai,20927.0,Premium,2024-08-01
CUST10789,51.0,Male,Bangalore,33140.0,Premium,2024-07-26
CUST10790,55.0,Female,Chennai,13107.0,Regular,2024-06-17
CUST10791,51.0,Male,Chennai,18257.0,Premium,2024-11-25
CUST10792,35.0,Female,Mumbai,32257.0,VIP,2024-10-06
CUST10793,47.0,Male,Bangalore,35415.0,Premium,2024-10-31
CUST10794,32.0,Female,Mumbai,36032.0,Regular,2024-05-25
CUST10795,44.0,Male,Bangalore,21264.0,VIP,2025-05-30
CUST10796,51.0,Male,Mumbai,14514.0,Premium,2024-03-30
CUST10797,55.0,Male,Chennai,14427.0,Premium,2025-03-28
CUST10798,50.0,Male,Chennai,48444.0,Premium,2024-02-29
CUST10799,41.0,Female,Mumbai,1046.0,Premium,2024-11-06
CUST10800,32.0,Male,Bangalore,24975.41998649561,Regular,2025-06-11
CUST10801,47.0,Female,Bangalore,27341.0,VIP,2024-08-14
CUST10802,59.0,Female,Chennai,49758.0,Regular,2025-04-18
CUST10803,34.0,Female,Bangalore,30354.0,Premium,2025-06-24
CUST10804,22.0,Male,Hyderabad,15640.0,Regular,2025-10-24
CUST10805,46.0,Male,Chennai,6819.0,Premium,2024-03-19
CUST10806,21.0,Male,Mumbai,41303.0,Premium,2025-03-08
CUST10807,27.0,Male,Chennai,25181.0,VIP,2024-06-01
CUST10808,34.0,Female,Chennai,11450.0,Premium,2025-02-04
CUST10809,27.0,Male,Mumbai,36458.0,Regular,2024-10-05
CUST10810,34.0,Male,Mumbai,32121.0,Premium,2024-02-26
CUST10811,37.0,Male,Hyderabad,42932.0,VIP,2024-07-04
CUST10812,41.0,Female,Chennai,28469.0,Premium,2025-02-01
CUST10813,22.0,Female,Bangalore,31828.0,VIP,2025-08-27
CUST10814,51.0,Male,Hyderabad,17676.0,VIP,2024-06-06
CUST10815,23.0,Female,Hyderabad,29101.0,Premium,2025-11-23
CUST10816,19.0,Male,Chennai,17948.0,Premium,2024-12-24
CUST10817,30.0,Male,Chennai,490.0,Regular,2025-03-15
CUST10818,60.0,Male,Chennai,22099.0,Premium,2025-08-11
CUST10819,60.0,Male,Hyderabad,45536.0,Premium,2025-04-10
CUST10820,28.0,Female,Bangalore,11669.0,Premium,2025-10-24
CUST10821,64.0,Male,Mumbai,13129.0,Regular,2025-03-21
CUST10822,40.0,Male,Chennai,22590.0,Regular,2025-05-02
CUST10823,33.0,Female,Bangalore,45975.0,Premium,2025-06-13
CUST10824,48.0,Female,Chennai,35428.0,Premium,2024-03-13
CUST10825,41.18242790073776,Male,Chennai,5967.0,Regular,2024-01-17
CUST10826,33.0,Female,Mumbai,15384.0,Premium,2025-06-14
CUST10827,25.0,Male,Chennai,34079.0,Regular,2024-11-21
CUST10828,21.0,Male,Chennai,9221.0,Premium,2025-09-23
CUST10829,57.0,Male,Mumbai,1639.0,Premium,2025-09-04
CUST10830,21.0,Male,Chennai,25588.0,Premium,2025-06-29
CUST10831,42.0,Male,Hyderabad,17127.0,Regular,2025-08-18
CUST10832,20.0,Female,Mumbai,8793.0,VIP,2024-07-20
CUST10833,49.0,Male,Mumbai,9021.0,Regular,2024-12-09
CUST10834,20.0,Female,Mumbai,10410.0,VIP,2025-06-06
CUST10835,44.0,Female,Chennai,45612.0,Premium,2025-02-03
CUST10836,46.0,Female,Bangalore,31008.0,Premium,2024-08-05
CUST10837,49.0,Male,Hyderabad,4486.0,VIP,2025-03-20
CUST10838,36.0,Male,Chennai,32363.0,Premium,2024-08-09
CUST10839,38.0,Male,Chennai,28512.0,Premium,2025-01-17
CUST10840,22.0,Male,Bangalore,24975.41998649561,VIP,2025-08-14
CUST10841,35.0,Male,Mumbai,12342.0,Premium,2024-01-07
CUST10842,45.0,Female,Hyderabad,47125.0,Premium,2024-09-28
CUST10843,59.0,Female,Chennai,9047.0,VIP,2024-01-16
CUST10844,39.0,Female,Chennai,46814.0,Premium,2025-02-27
CUST10845,38.0,Male,Mumbai,6030.0,Premium,2025-06-07
CUST10846,23.0,Female,Bangalore,38270.0,Premium,2024-01-21
CUST10847,18.0,Female,Hyderabad,48885.0,Regular,2025-11-20
CUST10848,22.0,Male,Bangalore,607.0,Regular,2024-08-15
CUST10849,58.0,Female,Bangalore,1536.0,Premium,2024-10-14
CUST10850,29.0,Male,Hyderabad,27251.0,Premium,2024-05-13
CUST10851,43.0,Male,Hyderabad,11718.0,Premium,2024-10-09
CUST10852,63.0,Female,Chennai,8850.0,VIP,2025-02-07
CUST10853,51.0,Male,Chennai,16222.0,Regular,2025-10-26
CUST10854,31.0,Female,Hyderabad,7454.0,VIP,2024-03-06
CUST10855,43.0,Male,Chennai,44162.0,Premium,2025-10-10
CUST10856,62.0,Female,Chennai,31079.0,Premium,2025-08-26
CUST10857,44.0,Male,Chennai,21000.0,Premium,2025-03-12
CUST10858,26.0,Male,Hyderabad,13940.0,Premium,2024-09-15
CUST10859,43.0,Female,Chennai,37267.0,Premium,2024-04-12
CUST10860,64.0,Female,Bangalore,5137.0,VIP,2025-07-20
CUST10861,39.0,Female,Hyderabad,28733.0,Premium,2024-04-10
CUST10862,64.0,Female,Mumbai,24595.0,Premium,2024-07-16
CUST10863,47.0,Female,Chennai,15948.0,Premium,2024-08-13
CUST10864,60.0,Female,Hyderabad,36583.0,Regular,2025-04-07
CUST10865,34.0,Male,Hyderabad,47745.0,Premium,2024-08-24
CUST10866,43.0,Male,Chennai,7937.0,VIP,2024-01-26
CUST10867,53.0,Female,Chennai,34169.0,Regular,2024-04-30
CUST10868,18.0,Male,Chennai,7470.0,Regular,2025-05-20
CUST10869,25.0,Female,Mumbai,6511.0,Regular,2024-06-30
CUST10870,52.0,Female,Chennai,39233.0,VIP,2025-09-25
CUST10871,32.0,Female,Hyderabad,30599.0,Premium,2025-06-26
CUST10872,64.0,Female,Chennai,30325.0,Premium,2024-11-10
CUST10873,39.0,Male,Bangalore,48317.0,Regular,2025-09-09
CUST10874,31.0,Female,Chennai,792.0,Regular,2024-09-29
CUST10875,43.0,Male,Mumbai,29026.0,Regular,2024-08-19
CUST10876,45.0,Female,Bangalore,34346.0,Premium,2025-02-23
CUST10877,40.0,Male,Hyderabad,39264.0,Premium,2025-03-17
CUST10878,31.0,Male,Hyderabad,8548.0,VIP,2025-05-10
CUST10879,41.0,Male,Chennai,43490.0,Premium,2024-01-24
CUST10880,41.18242790073776,Male,Bangalore,24975.41998649561,Premium,2024-04-18
CUST10881,62.0,Male,Chennai,10173.0,VIP,2025-05-16
CUST10882,43.0,Male,Bangalore,35514.0,VIP,2024-01-25
CUST10883,31.0,Male,Bangalore,5309.0,Premium,2024-07-05
CUST10884,24.0,Male,Mumbai,6633.0,Premium,2024-10-14
CUST10885,20.0,Female,Chennai,21161.0,Premium,2025-09-19
CUST10886,64.0,Female,Mumbai,7311.0,VIP,2024-12-03
CUST10887,40.0,Female,Bangalore,10027.0,VIP,2024-02-06
CUST10888,63.0,Female,Hyderabad,12027.0,VIP,2024-05-16
CUST10889,60.0,Male,Bangalore,24694.0,Premium,2025-05-22
CUST10890,64.0,Male,Mumbai,9416.0,Premium,2024-08-14
CUST10891,62.0,Male,Chennai,12277.0,Regular,2024-11-15
CUST10892,35.0,Male,Chennai,10946.0,Premium,2024-06-30
CUST10893,55.0,Male,Mumbai,8033.0,Regular,2024-03-26
CUST10894,52.0,Female,Chennai,38344.0,Premium,2025-04-11
CUST10895,32.0,Female,Chennai,46721.0,VIP,2024-02-22
CUST10896,42.0,Male,Hyderabad,40796.0,Premium,2024-08-22
CUST10897,54.0,Male,Hyderabad,2180.0,Premium,2025-03-08
CUST10898,45.0,Female,Hyderabad,6189.0,Regular,2025-05-10
CUST10899,27.0,Male,Chennai,26223.0,Regular,2024-04-09
CUST10900,56.0,Male,Chennai,7897.0,VIP,2025-08-21
CUST10901,34.0,Male,Bangalore,8446.0,Regular,2025-02-06
CUST10902,56.0,Male,Bangalore,19978.0,Regular,2025-01-30
CUST10903,39.0,Male,Hyderabad,33772.0,Premium,2025-06-10
CUST10904,43.0,Male,Chennai,17753.0,Regular,2025-02-18
CUST10905,61.0,Female,Bangalore,49656.0,Regular,2025-09-04
CUST10906,42.0,Female,Bangalore,42842.0,Regular,2025-11-07
CUST10907,34.0,Female,Chennai,26240.0,VIP,2025-04-07
CUST10908,30.0,Male,Chennai,1284.0,VIP,2025-06-24
CUST10909,37.0,Male,Hyderabad,34593.0,Premium,2025-09-17
CUST10910,42.0,Male,Bangalore,44248.0,Regular,2025-09-10
CUST10911,21.0,Female,Chennai,24946.0,VIP,2024-12-29
CUST10912,27.0,Male,Chennai,45925.0,VIP,2024-05-09
CUST10913,20.0,Female,Hyderabad,22295.0,Premium,2024-03-24
CUST10914,58.0,Female,Chennai,5706.0,Premium,2024-09-27
CUST10915,62.0,Male,Chennai,4056.0,Regular,2024-08-31
CUST10916,35.0,Male,Chennai,16655.0,VIP,2025-01-22
CUST10917,64.0,Male,Bangalore,24949.0,Premium,2024-08-01
CUST10918,53.0,Male,Hyderabad,18790.0,Premium,2024-06-14
CUST10919,64.0,Female,Chennai,48949.0,Premium,2024-02-28
CUST10920,39.0,Male,Chennai,24975.41998649561,VIP,2025-08-24
CUST10921,51.0,Male,Bangalore,33289.0,Regular,2025-05-18
CUST10922,64.0,Male,Hyderabad,38408.0,Premium,2024-05-02
CUST10923,25.0,Male,Chennai,25885.0,Regular,2025-10-09
CUST10924,57.0,Male,Bangalore,49156.0,Premium,2025-02-16
CUST10925,61.0,Male,Hyderabad,32798.0,Premium,2024-05-18
CUST10926,36.0,Male,Chennai,16066.0,Premium,2024-08-16
CUST10927,59.0,Female,Hyderabad,31197.0,Regular,2024-09-30
CUST10928,58.0,Male,Hyderabad,15982.0,Premium,2025-03-14
CUST10929,54.0,Male,Hyderabad,4775.0,Premium,2025-07-15
CUST10930,23.0,Male,Chennai,41950.0,Regular,2024-04-27
CUST10931,43.0,Female,Hyderabad,13109.0,Premium,2025-04-27
CUST10932,51.0,Female,Chennai,27943.0,Regular,2025-01-29
CUST10933,62.0,Male,Chennai,29893.0,Premium,2025-04-04
CUST10934,23.0,Male,Chennai,39616.0,Regular,2025-11-23
CUST10935,41.18242790073776,Female,Chennai,38971.0,Premium,2024-03-18
CUST10936,50.0,Male,Chennai,17957.0,Premium,2025-02-15
CUST10937,39.0,Female,Chennai,19727.0,Premium,2024-03-15
CUST10938,38.0,Male,Bangalore,18665.0,Premium,2024-10-21
CUST10939,23.0,Female,Mumbai,26125.0,Premium,2024-01-21
CUST10940,23.0,Female,Hyderabad,27932.0,VIP,2024-06-19
CUST10941,21.0,Female,Mumbai,44216.0,Regular,2024-01-15
CUST10942,47.0,Female,Hyderabad,9882.0,Premium,2024-07-29
CUST10943,28.0,Male,Hyderabad,38750.0,Premium,2025-07-13
CUST10944,47.0,Male,Chennai,22466.0,Premium,2024-03-26
CUST10945,48.0,Male,Hyderabad,28657.0,Regular,2024-05-28
CUST10946,41.0,Male,Hyderabad,5898.0,VIP,2025-11-30
CUST10947,26.0,Male,Chennai,9727.0,Premium,2025-01-06
CUST10948,20.0,Male,Mumbai,41283.0,Regular,2025-04-24
CUST10949,48.0,Female,Chennai,12566.0,Premium,2024-05-30
CUST10950,57.0,Male,Hyderabad,42714.0,Premium,2024-05-20
CUST10951,54.0,Male,Chennai,12820.0,Premium,2024-03-09
CUST10952,53.0,Male,Chennai,42013.0,VIP,2024-09-16
CUST10953,41.0,Male,Chennai,37392.0,Premium,2025-06-04
CUST10954,48.0,Female,Bangalore,6659.0,Premium,2025-09-24
CUST10955,23.0,Male,Hyderabad,40488.0,Premium,2025-01-05
CUST10956,19.0,Female,Chennai,19258.0,Regular,2025-02-22
CUST10957,37.0,Male,Chennai,31016.0,Regular,2024-04-10
CUST10958,45.0,Male,Chennai,22157.0,VIP,2025-10-22
CUST10959,28.0,Male,Chennai,35992.0,Premium,2025-10-19
CUST10960,21.0,Male,Hyderabad,24975.41998649561,Regular,2024-08-30
CUST10961,32.0,Male,Bangalore,11806.0,Premium,2025-05-26
CUST10962,23.0,Male,Chennai,12170.0,Regular,2025-07-08
CUST10963,47.0,Female,Bangalore,41002.0,Premium,2024-04-04
CUST10964,55.0,Male,Mumbai,1024.0,VIP,2024-08-13
CUST10965,19.0,Female,Hyderabad,26578.0,Premium,2025-06-01
CUST10966,32.0,Female,Mumbai,5606.0,VIP,2024-08-01
CUST10967,28.0,Female,Mumbai,46518.0,Regular,2024-03-07
CUST10968,25.0,Male,Mumbai,35263.0,VIP,2025-01-30
CUST10969,43.0,Male,Hyderabad,24704.0,Premium,2025-09-03
CUST10970,62.0,Female,Hyderabad,15410.0,VIP,2024-01-12
CUST10971,61.0,Male,Chennai,8326.0,Regular,2024-08-24
CUST10972,22.0,Male,Bangalore,11881.0,Regular,2025-02-02
CUST10973,23.0,Female,Bangalore,5615.0,VIP,2025-02-10
CUST10974,43.0,Female,Chennai,36233.0,Premium,2025-04-24
CUST10975,21.0,Female,Chennai,17072.0,VIP,2025-10-08
CUST10976,36.0,Female,Mumbai,32192.0,Premium,2024-08-09
CUST10977,37.0,Male,Chennai,11510.0,Premium,2024-06-04
CUST10978,50.0,Male,Chennai,19622.0,Premium,2025-10-15
CUST10979,37.0,Male,Bangalore,9195.0,Premium,2025-03-03
CUST10980,29.0,Female,Chennai,23147.0,VIP,2024-06-06
CUST10981,64.0,Male,Chennai,20570.0,Premium,2025-02-19
CUST10982,18.0,Female,Chennai,43229.0,Premium,2024-11-21
CUST10983,43.0,Female,Chennai,8631.0,Premium,2025-01-05
CUST10984,31.0,Female,Chennai,37138.0,Premium,2024-12-09
CUST10985,55.0,Female,Mumbai,22503.0,Regular,2024-09-18
CUST10986,54.0,Male,Chennai,42774.0,VIP,2024-10-09
CUST10987,28.0,Female,Mumbai,29222.0,Premium,2024-08-16
CUST10988,53.0,Male,Mumbai,17040.0,Premium,2024-10-06
CUST10989,30.0,Male,Chennai,29931.0,Premium,2024-10-16
CUST10990,41.18242790073776,Male,Bangalore,11379.0,Regular,2025-11-10
CUST10991,20.0,Male,Chennai,38320.0,VIP,2024-02-16
CUST10992,50.0,Female,Chennai,6577.0,Regular,2024-08-01
CUST10993,23.0,Female,Chennai,17500.0,Regular,2024-01-24
CUST10994,27.0,Male,Bangalore,6570.0,Regular,2024-11-16
CUST10995,22.0,Male,Hyderabad,2162.0,Premium,2024-09-30
CUST10996,40.0,Male,Hyderabad,41898.0,VIP,2025-07-09
CUST10997,27.0,Male,Mumbai,19980.0,VIP,2024-11-08
CUST10998,61.0,Male,Mumbai,34681.0,Premium,2024-12-28
CUST10999,19.0,Female,Bangalore,44539.0,VIP,2025-10-29
CUST11000,30.0,Male,Chennai,24975.41998649561,Regular,2025-01-14
CUST11001,57.0,Male,Hyderabad,26127.0,VIP,2025-11-04
CUST11002,19.0,Female,Mumbai,30820.0,Premium,2025-04-14
CUST11003,37.0,Male,Hyderabad,35181.0,Regular,2025-11-05
CUST11004,18.0,Male,Bangalore,9806.0,Premium,2024-04-25
CUST11005,54.0,Female,Bangalore,9937.0,Premium,2025-08-27
CUST11006,26.0,Female,Chennai,38699.0,Regular,2024-02-11
CUST11007,34.0,Female,Chennai,36924.0,Regular,2025-01-13
CUST11008,26.0,Female,Bangalore,33173.0,VIP,2024-07-24
CUST11009,28.0,Male,Mumbai,47215.0,Regular,2025-04-10
CUST11010,32.0,Male,Hyderabad,32188.0,Premium,2024-10-06
CUST11011,41.0,Female,Chennai,28212.0,VIP,2025-10-09
CUST11012,55.0,Female,Chennai,26399.0,Premium,2025-09-09
CUST11013,52.0,Male,Chennai,34557.0,Premium,2024-04-27
CUST11014,47.0,Male,Mumbai,30163.0,Premium,2024-08-24
CUST11015,48.0,Male,Chennai,4017.0,Premium,2024-11-04
CUST11016,22.0,Male,Chennai,3036.0,Premium,2025-03-31
CUST11017,61.0,Female,Mumbai,36730.0,Regular,2025-04-19
CUST11018,31.0,Female,Hyderabad,14606.0,Premium,2024-04-09
CUST11019,28.0,Male,Mumbai,28905.0,Premium,2024-09-17
CUST11020,26.0,Male,Chennai,14418.0,Regular,2024-10-31
CUST11021,51.0,Female,Bangalore,48168.0,VIP,2024-12-19
CUST11022,29.0,Male,Hyderabad,26126.0,Premium,2024-10-12
CUST11023,52.0,Female,Chennai,27772.0,Premium,2024-11-23
CUST11024,52.0,Male,Chennai,38517.0,Regular,2024-04-12
CUST11025,18.0,Female,Bangalore,27381.0,Premium,2024-03-03
CUST11026,57.0,Female,Mumbai,48542.0,VIP,2025-11-17
CUST11027,39.0,Female,Bangalore,28191.0,VIP,2024-10-08
CUST11028,46.0,Female,Chennai,38428.0,Premium,2025-03-16
CUST11029,25.0,Female,Chennai,48319.0,VIP,2024-10-19
CUST11030,28.0,Female,Bangalore,18710.0,Premium,2024-01-07
CUST11031,58.0,Female,Mumbai,1179.0,Premium,2025-09-30
CUST11032,54.0,Male,Bangalore,29950.0,Premium,2024-04-01
CUST11033,31.0,Male,Chennai,46851.0,VIP,2024-07-08
CUST11034,47.0,Male,Chennai,20690.0,Premium,2025-04-20
CUST11035,52.0,Male,Chennai,31051.0,Regular,2025-05-25
CUST11036,38.0,Male,Chennai,15427.0,Premium,2025-04-06
CUST11037,54.0,Male,Hyderabad,12855.0,Premium,2024-02-22
CUST11038,22.0,Female,Chennai,7335.0,VIP,2025-04-30
CUST11039,36.0,Female,Chennai,17297.0,Premium,2025-10-05
CUST11040,31.0,Female,Bangalore,24975.41998649561,Premium,2025-05-04
CUST11041,43.0,Female,Mumbai,2131.0,Regular,2024-12-29
CUST11042,21.0,Male,Bangalore,41382.0,VIP,2024-04-21
CUST11043,42.0,Female,Mumbai,41963.0,Regular,2025-02-12
CUST11044,62.0,Male,Chennai,14387.0,Premium,2024-01-07
CUST11045,41.18242790073776,Female,Hyderabad,38779.0,VIP,2025-10-29
CUST11046,42.0,Female,Bangalore,44563.0,VIP,2024-07-15
CUST11047,35.0,Female,Bangalore,32330.0,Premium,2025-01-01
CUST11048,57.0,Female,Bangalore,19137.0,Regular,2024-09-06
CUST11049,25.0,Female,Mumbai,27152.0,Premium,2025-08-17
CUST11050,56.0,Male,Chennai,3440.0,Premium,2024-08-27
CUST11051,57.0,Female,Bangalore,40744.0,VIP,2025-01-14
CUST11052,31.0,Male,Bangalore,48764.0,Premium,2025-04-15
CUST11053,49.0,Male,Hyderabad,45303.0,VIP,2025-03-30
CUST11054,55.0,Male,Hyderabad,1241.0,VIP,2024-12-31
CUST11055,50.0,Female,Chennai,25525.0,VIP,2024-10-16
CUST11056,40.0,Female,Chennai,19381.0,VIP,2025-02-06
CUST11057,32.0,Male,Chennai,42149.0,Premium,2024-02-27
CUST11058,50.0,Female,Hyderabad,20525.0,Premium,2025-06-04
CUST11059,42.0,Male,Chennai,34906.0,VIP,2024-10-30
CUST11060,34.0,Male,Mumbai,32213.0,VIP,2024-04-24
CUST11061,50.0,Female,Chennai,4370.0,Premium,2024-07-28
CUST11062,64.0,Female,Bangalore,42914.0,VIP,2024-02-10
CUST11063,19.0,Female,Chennai,4783.0,Premium,2024-06-21
CUST11064,31.0,Female,Chennai,49746.0,Regular,2024-08-21
CUST11065,57.0,Male,Mumbai,39984.0,Premium,2025-08-12
CUST11066,57.0,Male,Bangalore,29909.0,Premium,2025-09-11
CUST11067,56.0,Female,Chennai,34652.0,Premium,2025-02-06
CUST11068,23.0,Female,Mumbai,3886.0,Regular,2024-02-08
CUST11069,23.0,Male,Mumbai,21750.0,VIP,2024-04-28
CUST11070,20.0,Female,Bangalore,28806.0,Regular,2024-11-30
CUST11071,24.0,Female,Chennai,9290.0,VIP,2024-12-01
CUST11072,25.0,Male,Mumbai,38296.0,VIP,2025-06-22
CUST11073,59.0,Female,Mumbai,39549.0,Premium,2025-09-07
CUST11074,32.0,Male,Hyderabad,39761.0,Premium,2024-03-14
CUST11075,64.0,Female,Mumbai,29809.0,Premium,2024-07-09
CUST11076,46.0,Female,Hyderabad,45529.0,Premium,2024-11-19
CUST11077,50.0,Female,Chennai,14992.0,Premium,2024-05-26
CUST11078,47.0,Male,Chennai,9743.0,Premium,2024-10-10
CUST11079,56.0,Female,Chennai,10043.0,Premium,2024-07-31
CUST11080,44.0,Male,Chennai,24975.41998649561,VIP,2025-09-26
CUST11081,53.0,Male,Chennai,45860.0,Premium,2025-01-28
CUST11082,46.0,Female,Mumbai,21142.0,Regular,2024-12-04
CUST11083,55.0,Male,Bangalore,43994.0,Premium,2024-01-22
CUST11084,50.0,Female,Hyderabad,6969.0,Premium,2024-04-14
CUST11085,54.0,Male,Chennai,40537.0,Regular,2025-04-10
CUST11086,44.0,Male,Chennai,44406.0,Premium,2025-04-03
CUST11087,50.0,Female,Chennai,42933.0,VIP,2025-03-07
CUST11088,21.0,Male,Bangalore,21018.0,Premium,2025-09-10
CUST11089,39.0,Male,Bangalore,28479.0,Regular,2024-08-08
CUST11090,19.0,Male,Chennai,43039.0,Premium,2025-01-13
CUST11091,27.0,Male,Hyderabad,25374.0,VIP,2024-08-09
CUST11092,22.0,Male,Chennai,17796.0,Regular,2024-09-14
CUST11093,27.0,Male,Chennai,3062.0,Premium,2025-01-01
CUST11094,50.0,Male,Mumbai,13951.0,Premium,2024-12-14
CUST11095,55.0,Female,Mumbai,45847.0,VIP,2024-08-12
CUST11096,30.0,Male,Chennai,5396.0,Premium,2024-08-23
CUST11097,48.0,Female,Chennai,14845.0,VIP,2024-07-01
CUST11098,64.0,Male,Chennai,5830.0,Premium,2025-03-19
CUST11099,53.0,Female,Chennai,14021.0,VIP,2025-09-14
CUST11100,41.18242790073776,Male,Bangalore,32994.0,Premium,2024-01-06
CUST11101,41.0,Male,Chennai,5702.0,Regular,2024-08-23
CUST11102,32.0,Male,Chennai,17675.0,Premium,2024-05-06
CUST11103,46.0,Female,Chennai,19123.0,VIP,2024-04-13
CUST11104,25.0,Male,Chennai,45449.0,VIP,2025-04-24
CUST11105,22.0,Male,Chennai,16097.0,Premium,2024-06-03
CUST11106,46.0,Male,Chennai,17850.0,Premium,2024-09-13
CUST11107,64.0,Female,Hyderabad,42079.0,Regular,2024-08-22
CUST11108,21.0,Male,Chennai,22937.0,Regular,2025-05-14
CUST11109,29.0,Female,Mumbai,15097.0,VIP,2024-10-15
CUST11110,62.0,Female,Chennai,39539.0,Regular,2025-05-24
CUST11111,19.0,Female,Chennai,23167.0,Premium,2025-07-05
CUST11112,44.0,Male,Chennai,45139.0,Regular,2025-07-22
CUST11113,48.0,Male,Chennai,21023.0,Regular,2024-10-24
CUST11114,53.0,Male,Chennai,8976.0,VIP,2025-09-01
CUST11115,53.0,Male,Mumbai,2987.0,Premium,2024-05-16
CUST11116,43.0,Female,Chennai,42522.0,Regular,2025-01-10
CUST11117,60.0,Male,Chennai,36954.0,Premium,2024-03-27
CUST11118,44.0,Male,Bangalore,37048.0,Premium,2025-02-22
CUST11119,22.0,Male,Hyderabad,2941.0,Premium,2024-07-17
CUST11120,37.0,Male,Mumbai,24975.41998649561,Premium,2025-04-07
CUST11121,28.0,Female,Chennai,6140.0,Premium,2025-03-12
CUST11122,27.0,Female,Bangalore,10404.0,Premium,2024-11-05
CUST11123,57.0,Male,Chennai,30441.0,Premium,2025-08-18
CUST11124,55.0,Female,Chennai,4858.0,VIP,2024-10-07
CUST11125,23.0,Female,Chennai,17110.0,Regular,2024-11-18
CUST11126,25.0,Male,Chennai,31758.0,Premium,2024-05-31
CUST11127,40.0,Male,Chennai,49102.0,VIP,2024-10-28
CUST11128,64.0,Male,Bangalore,37882.0,Regular,2024-10-04
CUST11129,43.0,Male,Chennai,1475.0,Premium,2025-10-12
CUST11130,63.0,Female,Hyderabad,34049.0,Regular,2025-11-18
CUST11131,60.0,Male,Mumbai,22192.0,Premium,2024-01-08
CUST11132,29.0,Male,Chennai,590.0,VIP,2024-08-22
CUST11133,43.0,Male,Chennai,3829.0,Premium,2025-11-05
CUST11134,30.0,Male,Chennai,6074.0,Premium,2025-07-14
CUST11135,57.0,Male,Chennai,19780.0,Regular,2024-10-28
CUST11136,35.0,Male,Bangalore,18424.0,VIP,2024-02-07
CUST11137,42.0,Male,Bangalore,31434.0,Premium,2024-05-15
CUST11138,50.0,Female,Chennai,21498.0,Premium,2025-02-24
CUST11139,64.0,Female,Chennai,34750.0,Premium,2024-08-06
CUST11140,57.0,Male,Hyderabad,21392.0,Regular,2024-12-13
CUST11141,60.0,Female,Mumbai,35855.0,Regular,2025-06-29
CUST11142,29.0,Male,Chennai,38453.0,VIP,2024-03-19
CUST11143,61.0,Female,Chennai,3259.0,Regular,2024-09-29
CUST11144,53.0,Female,Bangalore,32726.0,Premium,2024-06-09
CUST11145,21.0,Female,Mumbai,29451.0,Premium,2025-11-17
CUST11146,22.0,Male,Chennai,37398.0,Premium,2024-11-03
CUST11147,54.0,Male,Chennai,17165.0,Premium,2025-01-08
CUST11148,25.0,Female,Chennai,21738.0,VIP,2024-01-09
CUST11149,59.0,Male,Chennai,1173.0,Premium,2025-03-19
CUST11150,45.0,Female,Chennai,46611.0,Premium,2024-04-22
CUST11151,48.0,Male,Mumbai,18871.0,VIP,2024-07-23
CUST11152,26.0,Female,Bangalore,35561.0,Regular,2025-02-08
CUST11153,46.0,Male,Mumbai,42430.0,Premium,2025-11-28
CUST11154,31.0,Male,Hyderabad,29420.0,Regular,2024-07-15
CUST11155,41.18242790073776,Female,Bangalore,4440.0,Premium,2024-04-24
CUST11156,58.0,Female,Mumbai,35024.0,Regular,2024-04-30
CUST11157,39.0,Male,Hyderabad,16284.0,VIP,2025-10-14
CUST11158,28.0,Female,Chennai,40834.0,Premium,2024-03-05
CUST11159,40.0,Male,Chennai,2680.0,Regular,2024-10-02
CUST11160,18.0,Female,Chennai,24975.41998649561,Premium,2024-08-26
CUST11161,63.0,Female,Bangalore,29067.0,Regular,2024-10-28
CUST11162,54.0,Female,Chennai,2259.0,Regular,2025-01-26
CUST11163,38.0,Male,Bangalore,49040.0,Regular,2025-06-05
CUST11164,43.0,Female,Chennai,14000.0,Regular,2025-01-03
CUST11165,63.0,Male,Chennai,11540.0,Regular,2024-08-20
CUST11166,53.0,Male,Mumbai,14778.0,Premium,2024-07-13
CUST11167,40.0,Male,Chennai,47304.0,Regular,2024-01-12
CUST11168,18.0,Male,Hyderabad,12121.0,Premium,2025-11-19
CUST11169,57.0,Male,Chennai,6872.0,VIP,2024-06-25
CUST11170,32.0,Female,Hyderabad,1727.0,Premium,2024-08-04
CUST11171,38.0,Male,Hyderabad,44532.0,Regular,2024-01-11
CUST11172,64.0,Female,Bangalore,8319.0,Premium,2025-03-21
CUST11173,26.0,Male,Chennai,23564.0,Premium,2025-09-21
CUST11174,26.0,Male,Hyderabad,30332.0,VIP,2024-06-12
CUST11175,27.0,Female,Mumbai,42581.0,VIP,2025-07-04
CUST11176,43.0,Male,Hyderabad,8588.0,VIP,2024-02-22
CUST11177,58.0,Female,Mumbai,35049.0,Premium,2024-08-05
CUST11178,52.0,Male,Bangalore,44462.0,Premium,2024-12-25
CUST11179,42.0,Female,Hyderabad,40032.0,Regular,2025-01-19
CUST11180,43.0,Male,Chennai,19081.0,Regular,2024-02-25
CUST11181,28.0,Male,Bangalore,1001.0,Premium,2024-04-27
CUST11182,55.0,Male,Mumbai,22544.0,Premium,2024-09-09
CUST11183,19.0,Male,Bangalore,42158.0,Regular,2024-06-28
CUST11184,24.0,Male,Hyderabad,18161.0,Premium,2025-02-18
CUST11185,35.0,Female,Chennai,2981.0,Regular,2024-08-22
CUST11186,44.0,Male,Chennai,29963.0,VIP,2024-03-20
CUST11187,51.0,Female,Mumbai,45926.0,Regular,2025-10-08
CUST11188,44.0,Male,Mumbai,5722.0,Premium,2024-01-22
CUST11189,34.0,Male,Chennai,1478.0,Premium,2025-04-21
CUST11190,60.0,Male,Mumbai,17732.0,Premium,2025-03-15
CUST11191,61.0,Female,Bangalore,28411.0,Premium,2025-07-23
CUST11192,41.0,Male,Chennai,5750.0,VIP,2024-04-02
CUST11193,42.0,Female,Chennai,45301.0,Premium,2024-07-10
CUST11194,24.0,Female,Bangalore,42324.0,Regular,2024-04-12
CUST11195,23.0,Female,Chennai,7136.0,Regular,2025-01-30
CUST11196,41.0,Female,Hyderabad,39355.0,VIP,2024-01-07
CUST11197,50.0,Male,Bangalore,22599.0,Premium,2025-10-01
CUST11198,46.0,Male,Mumbai,37116.0,VIP,2025-07-20
CUST11199,60.0,Female,Bangalore,4703.0,Regular,2024-08-18
CUST11200,39.0,Female,Chennai,24975.41998649561,Premium,2025-07-27
CUST11201,43.0,Male,Mumbai,20037.0,VIP,2024-08-27
CUST11202,45.0,Female,Chennai,12732.0,Premium,2024-03-30
CUST11203,38.0,Male,Mumbai,30707.0,Premium,2024-08-19
CUST11204,24.0,Female,Chennai,26437.0,Premium,2025-04-01
CUST11205,34.0,Female,Bangalore,320.0,VIP,2024-08-20
CUST11206,37.0,Male,Hyderabad,47094.0,Premium,2024-12-19
CUST11207,58.0,Male,Mumbai,4918.0,Premium,2024-11-28
CUST11208,37.0,Male,Mumbai,7449.0,Premium,2025-03-14
CUST11209,39.0,Female,Chennai,5718.0,Premium,2025-01-09
CUST11210,41.18242790073776,Male,Chennai,27564.0,Regular,2024-10-18
CUST11211,57.0,Female,Chennai,42724.0,Premium,2024-12-10
CUST11212,24.0,Male,Chennai,37444.0,Regular,2025-10-25
CUST11213,18.0,Female,Chennai,18355.0,Premium,2025-03-03
CUST11214,49.0,Male,Hyderabad,24399.0,Regular,2025-10-18
CUST11215,30.0,Male,Chennai,48075.0,Premium,2024-05-09
CUST11216,47.0,Male,Chennai,1562.0,VIP,2024-05-20
CUST11217,40.0,Male,Mumbai,16005.0,Premium,2025-02-18
CUST11218,36.0,Male,Chennai,25020.0,Regular,2024-04-02
CUST11219,49.0,Male,Bangalore,16352.0,Regular,2025-09-17
CUST11220,47.0,Female,Hyderabad,41104.0,VIP,2024-10-10
CUST11221,46.0,Male,Hyderabad,40681.0,Premium,2025-10-16
CUST11222,62.0,Female,Chennai,34936.0,Regular,2024-08-10
CUST11223,46.0,Male,Mumbai,5853.0,Regular,2025-04-07
CUST11224,47.0,Male,Mumbai,40105.0,Regular,2025-06-28
CUST11225,33.0,Male,Chennai,14275.0,VIP,2024-10-02
CUST11226,57.0,Female,Mumbai,6291.0,Premium,2025-11-12
CUST11227,36.0,Female,Hyderabad,17998.0,Regular,2024-05-19
CUST11228,35.0,Male,Hyderabad,19082.0,VIP,2024-12-22
CUST11229,18.0,Male,Bangalore,14722.0,Regular,2024-01-23
CUST11230,31.0,Male,Chennai,1101.0,Premium,2024-09-26
CUST11231,64.0,Male,Chennai,47745.0,VIP,2025-10-26
CUST11232,19.0,Female,Chennai,43100.0,Regular,2024-11-28
CUST11233,45.0,Male,Bangalore,23383.0,VIP,2024-03-25
CUST11234,47.0,Male,Bangalore,21535.0,Regular,2025-09-12
CUST11235,55.0,Male,Mumbai,27323.0,Premium,2024-01-31
CUST11236,21.0,Female,Bangalore,37344.0,Regular,2024-08-27
CUST11237,18.0,Male,Bangalore,30124.0,VIP,2024-12-28
CUST11238,25.0,Male,Chennai,49730.0,Premium,2025-01-23
CUST11239,46.0,Female,Mumbai,30834.0,Premium,2025-10-14
CUST11240,56.0,Female,Bangalore,24975.41998649561,Premium,2025-10-29
CUST11241,20.0,Male,Bangalore,45346.0,Regular,2024-10-25
CUST11242,49.0,Male,Mumbai,1291.0,Premium,2025-01-05
CUST11243,27.0,Male,Chennai,32364.0,Regular,2024-04-08
CUST11244,27.0,Male,Mumbai,43728.0,Premium,2024-02-16
CUST11245,36.0,Male,Chennai,46316.0,VIP,2025-02-25
CUST11246,63.0,Female,Chennai,6397.0,Premium,2025-04-24
CUST11247,51.0,Female,Hyderabad,27956.0,VIP,2025-08-01
CUST11248,50.0,Female,Mumbai,49523.0,Premium,2024-03-02
CUST11249,40.0,Male,Chennai,8434.0,VIP,2024-04-18
CUST11250,45.0,Female,Chennai,24262.0,Regular,2025-11-09
CUST11251,49.0,Female,Mumbai,6108.0,Regular,2025-07-02
CUST11252,24.0,Female,Bangalore,8087.0,Regular,2024-04-28
CUST11253,46.0,Female,Mumbai,31066.0,VIP,2025-08-20
CUST11254,25.0,Female,Hyderabad,3432.0,Regular,2025-01-16
CUST11255,18.0,Female,Mumbai,887.0,Regular,2025-01-26
CUST11256,20.0,Male,Chennai,39090.0,Regular,2024-02-21
CUST11257,41.0,Female,Chennai,9973.0,Premium,2025-08-25
CUST11258,40.0,Female,Mumbai,17106.0,VIP,2024-10-15
CUST11259,25.0,Male,Chennai,20325.0,VIP,2024-12-02
CUST11260,64.0,Female,Bangalore,36544.0,Premium,2024-07-22
CUST11261,54.0,Female,Mumbai,35440.0,VIP,2024-08-25
CUST11262,20.0,Male,Bangalore,39783.0,Premium,2025-01-16
CUST11263,50.0,Female,Bangalore,5133.0,VIP,2025-10-28
CUST11264,45.0,Male,Chennai,7888.0,Premium,2024-05-15
CUST11265,41.18242790073776,Male,Mumbai,15789.0,Premium,2025-02-10
CUST11266,25.0,Female,Chennai,44320.0,VIP,2025-05-22
CUST11267,51.0,Male,Bangalore,21698.0,Premium,2024-12-27
CUST11268,52.0,Female,Chennai,37580.0,Regular,2025-01-15
CUST11269,49.0,Female,Mumbai,29803.0,Regular,2025-07-29
CUST11270,41.0,Female,Mumbai,166.0,VIP,2025-09-26
CUST11271,31.0,Female,Hyderabad,48723.0,VIP,2024-09-10
CUST11272,49.0,Male,Hyderabad,45346.0,Premium,2025-04-21
CUST11273,63.0,Male,Bangalore,7633.0,VIP,2024-04-23
CUST11274,60.0,Male,Hyderabad,15203.0,Premium,2024-01-20
CUST11275,33.0,Female,Bangalore,4716.0,Premium,2025-06-11
CUST11276,21.0,Male,Chennai,46145.0,VIP,2024-05-24
CUST11277,54.0,Male,Bangalore,38598.0,Regular,2024-07-26
CUST11278,38.0,Female,Hyderabad,43592.0,Regular,2025-06-14
CUST11279,31.0,Male,Chennai,11872.0,VIP,2025-01-10
CUST11280,48.0,Female,Hyderabad,24975.41998649561,Premium,2025-05-18
CUST11281,35.0,Male,Bangalore,49136.0,Regular,2024-06-14
CUST11282,24.0,Male,Chennai,13040.0,Premium,2025-07-03
CUST11283,27.0,Male,Mumbai,17032.0,VIP,2024-06-29
CUST11284,24.0,Male,Hyderabad,29869.0,VIP,2025-09-08
CUST11285,50.0,Male,Bangalore,24748.0,Regular,2025-09-03
CUST11286,40.0,Male,Chennai,47511.0,VIP,2025-08-24
CUST11287,38.0,Male,Hyderabad,33066.0,Premium,2025-03-19
CUST11288,36.0,Female,Hyderabad,27877.0,Premium,2024-11-27
CUST11289,36.0,Male,Mumbai,32667.0,Regular,2025-05-17
CUST11290,53.0,Male,Bangalore,49823.0,Premium,2024-03-19
CUST11291,46.0,Female,Chennai,17274.0,Premium,2025-08-07
CUST11292,35.0,Male,Chennai,42698.0,Regular,2025-11-18
CUST11293,19.0,Female,Bangalore,13898.0,Regular,2025-01-30
CUST11294,18.0,Male,Chennai,17658.0,Premium,2025-08-30
CUST11295,64.0,Male,Hyderabad,44337.0,Premium,2024-04-12
CUST11296,22.0,Female,Mumbai,278.0,Premium,2025-02-05
CUST11297,37.0,Male,Mumbai,20570.0,Premium,2024-08-11
CUST11298,28.0,Male,Chennai,17218.0,Regular,2025-06-01
CUST11299,59.0,Female,Mumbai,22716.0,Regular,2025-09-25
CUST11300,19.0,Female,Hyderabad,898.0,Premium,2024-08-23
CUST11301,20.0,Male,Chennai,7701.0,VIP,2025-03-02
CUST11302,40.0,Female,Bangalore,25463.0,Premium,2024-04-25
CUST11303,29.0,Female,Mumbai,2895.0,Premium,2024-06-11
CUST11304,37.0,Male,Chennai,32026.0,Regular,2024-08-13
CUST11305,22.0,Female,Hyderabad,45364.0,Premium,2024-08-17
CUST11306,54.0,Male,Chennai,37456.0,Premium,2024-06-30
CUST11307,55.0,Male,Chennai,7397.0,Regular,2024-09-05
CUST11308,47.0,Female,Hyderabad,3184.0,VIP,2024-11-13
CUST11309,26.0,Female,Hyderabad,30429.0,Premium,2024-07-28
CUST11310,51.0,Female,Chennai,11210.0,Premium,2025-10-17
CUST11311,61.0,Male,Chennai,831.0,Regular,2025-01-26
CUST11312,52.0,Male,Chennai,1229.0,Premium,2024-04-05
CUST11313,39.0,Male,Hyderabad,28122.0,Premium,2024-03-26
CUST11314,61.0,Male,Mumbai,1705.0,VIP,2025-02-18
CUST11315,41.0,Male,Bangalore,12070.0,VIP,2025-01-28
CUST11316,34.0,Male,Mumbai,43805.0,VIP,2025-11-26
CUST11317,27.0,Female,Mumbai,44230.0,Regular,2025-09-24
CUST11318,47.0,Female,Hyderabad,29365.0,Regular,2025-05-15
CUST11319,63.0,Male,Chennai,32430.0,VIP,2025-08-26
CUST11320,41.18242790073776,Female,Chennai,24975.41998649561,Premium,2025-08-04
CUST11321,49.0,Male,Mumbai,15287.0,Premium,2024-05-12
CUST11322,34.0,Female,Chennai,25891.0,Regular,2025-10-10
CUST11323,34.0,Female,Chennai,25000.0,VIP,2024-11-09
CUST11324,31.0,Male,Mumbai,5174.0,Premium,2025-11-29
CUST11325,26.0,Female,Chennai,46905.0,Premium,2024-08-08
CUST11326,57.0,Male,Chennai,26526.0,Premium,2025-03-13
CUST11327,19.0,Female,Bangalore,39967.0,Regular,2024-02-15
CUST11328,62.0,Male,Chennai,993.0,VIP,2024-07-10
CUST11329,42.0,Female,Hyderabad,34258.0,Premium,2025-06-03
CUST11330,56.0,Female,Chennai,19873.0,VIP,2025-01-13
CUST11331,26.0,Male,Bangalore,4339.0,VIP,2025-11-21
CUST11332,39.0,Female,Chennai,20963.0,Regular,2024-11-29
CUST11333,60.0,Female,Chennai,3532.0,Premium,2024-02-08
CUST11334,63.0,Female,Mumbai,35239.0,Premium,2024-10-19
CUST11335,21.0,Male,Hyderabad,1615.0,Regular,2025-11-20
CUST11336,43.0,Female,Chennai,31770.0,Regular,2024-06-10
CUST11337,46.0,Female,Chennai,48774.0,Regular,2024-11-26
CUST11338,62.0,Female,Chennai,39194.0,Regular,2024-04-13
CUST11339,51.0,Male,Mumbai,14705.0,Regular,2024-06-09
CUST11340,40.0,Female,Hyderabad,5686.0,Premium,2025-09-26
CUST11341,54.0,Female,Hyderabad,35785.0,VIP,2024-02-23
CUST11342,28.0,Female,Chennai,48769.0,VIP,2024-02-03
CUST11343,23.0,Female,Bangalore,31286.0,VIP,2024-08-29
CUST11344,35.0,Male,Mumbai,27028.0,Premium,2024-04-22
CUST11345,38.0,Female,Mumbai,32828.0,Premium,2024-11-13
CUST11346,59.0,Male,Chennai,17651.0,VIP,2024-01-23
CUST11347,53.0,Female,Chennai,21593.0,Premium,2025-07-11
CUST11348,58.0,Male,Bangalore,20811.0,Premium,2025-10-08
CUST11349,55.0,Female,Bangalore,20139.0,Premium,2024-04-27
CUST11350,51.0,Female,Hyderabad,36661.0,Premium,2025-10-04
CUST11351,34.0,Female,Mumbai,10047.0,Premium,2024-07-30
CUST11352,54.0,Male,Mumbai,32435.0,Premium,2025-02-21
CUST11353,42.0,Male,Chennai,15959.0,VIP,2024-04-22
CUST11354,55.0,Male,Hyderabad,23222.0,Premium,2024-02-13
CUST11355,29.0,Female,Mumbai,1677.0,Premium,2024-05-07
CUST11356,40.0,Male,Hyderabad,42356.0,VIP,2024-06-06
CUST11357,59.0,Female,Hyderabad,28450.0,VIP,2025-01-28
CUST11358,39.0,Female,Chennai,42032.0,Regular,2025-05-26
CUST11359,38.0,Female,Hyderabad,33898.0,Regular,2024-02-14
CUST11360,44.0,Male,Bangalore,24975.41998649561,Premium,2024-04-17
CUST11361,48.0,Female,Bangalore,15981.0,Premium,2024-08-06
CUST11362,23.0,Female,Chennai,10885.0,Premium,2025-03-18
CUST11363,44.0,Female,Chennai,6791.0,Premium,2024-11-10
CUST11364,57.0,Male,Chennai,17397.0,VIP,2024-06-25
CUST11365,51.0,Female,Bangalore,6458.0,Premium,2024-08-15
CUST11366,29.0,Female,Chennai,19681.0,Premium,2025-11-02
CUST11367,62.0,Female,Chennai,1562.0,VIP,2024-09-23
CUST11368,24.0,Female,Chennai,15611.0,Premium,2025-01-13
CUST11369,27.0,Female,Hyderabad,10670.0,Premium,2025-05-03
CUST11370,62.0,Male,Mumbai,48765.0,Premium,2025-11-17
CUST11371,34.0,Male,Hyderabad,44514.0,Premium,2024-10-16
CUST11372,43.0,Male,Chennai,15574.0,VIP,2024-12-22
CUST11373,38.0,Male,Bangalore,7137.0,VIP,2025-10-18
CUST11374,45.0,Male,Bangalore,28229.0,Regular,2024-07-22
CUST11375,41.18242790073776,Female,Hyderabad,42367.0,VIP,2024-07-31
CUST11376,19.0,Male,Chennai,13486.0,Regular,2025-07-05
CUST11377,60.0,Male,Bangalore,6321.0,Premium,2024-11-18
CUST11378,18.0,Male,Chennai,23574.0,Premium,2025-08-16
CUST11379,53.0,Male,Bangalore,40637.0,VIP,2024-06-29
CUST11380,43.0,Female,Chennai,49939.0,VIP,2025-05-13
CUST11381,46.0,Female,Chennai,47224.0,VIP,2024-11-15
CUST11382,38.0,Female,Chennai,21145.0,Premium,2024-03-23
CUST11383,28.0,Male,Chennai,25883.0,Regular,2024-10-29
CUST11384,57.0,Female,Hyderabad,40257.0,Premium,2024-09-18
CUST11385,28.0,Male,Chennai,5022.0,Premium,2024-07-18
CUST11386,53.0,Female,Mumbai,46507.0,Premium,2024-08-27
CUST11387,56.0,Female,Hyderabad,22806.0,Premium,2025-11-22
CUST11388,57.0,Female,Mumbai,42871.0,VIP,2025-11-13
CUST11389,52.0,Female,Bangalore,32579.0,Premium,2024-10-21
CUST11390,51.0,Female,Mumbai,5278.0,Premium,2025-05-26
CUST11391,64.0,Male,Chennai,30122.0,Regular,2025-11-19
CUST11392,41.0,Female,Mumbai,15340.0,Premium,2025-01-30
CUST11393,39.0,Male,Hyderabad,26320.0,Premium,2024-05-17
CUST11394,22.0,Male,Hyderabad,36836.0,Premium,2024-05-08
CUST11395,50.0,Male,Mumbai,2816.0,VIP,2024-02-18
CUST11396,53.0,Male,Hyderabad,16674.0,Premium,2025-11-06
CUST11397,64.0,Male,Hyderabad,46379.0,Premium,2024-10-19
CUST11398,37.0,Female,Mumbai,17819.0,VIP,2025-09-19
CUST11399,36.0,Male,Chennai,8281.0,VIP,2025-06-19
CUST11400,52.0,Female,Chennai,24975.41998649561,Premium,2024-11-06
CUST11401,60.0,Female,Bangalore,44166.0,Premium,2025-06-20
CUST11402,34.0,Male,Hyderabad,49630.0,Regular,2025-09-30
CUST11403,62.0,Male,Mumbai,20313.0,Premium,2024-08-21
CUST11404,60.0,Female,Hyderabad,6480.0,VIP,2024-07-27
CUST11405,51.0,Female,Chennai,715.0,Premium,2025-08-27
CUST11406,26.0,Female,Hyderabad,563.0,VIP,2024-04-03
CUST11407,43.0,Male,Hyderabad,32073.0,Premium,2024-11-22
CUST11408,19.0,Male,Chennai,9258.0,Regular,2024-08-12
CUST11409,26.0,Female,Mumbai,20751.0,Regular,2024-01-11
CUST11410,26.0,Male,Hyderabad,3258.0,VIP,2024-11-24
CUST11411,57.0,Male,Chennai,20108.0,Regular,2024-01-12
CUST11412,34.0,Female,Bangalore,46302.0,VIP,2024-02-04
CUST11413,18.0,Female,Chennai,5038.0,Premium,2025-03-22
CUST11414,42.0,Male,Chennai,38285.0,Premium,2025-03-27
CUST11415,60.0,Female,Chennai,22488.0,Regular,2024-08-07
CUST11416,57.0,Male,Hyderabad,8981.0,Premium,2025-03-16
CUST11417,59.0,Male,Hyderabad,5703.0,Premium,2025-10-14
CUST11418,42.0,Female,Bangalore,35080.0,Premium,2025-06-18
CUST11419,56.0,Male,Chennai,22604.0,Premium,2025-08-17
CUST11420,52.0,Female,Chennai,16866.0,Premium,2024-08-16
CUST11421,20.0,Male,Chennai,28486.0,Premium,2024-12-09
CUST11422,54.0,Female,Bangalore,11795.0,VIP,2024-03-20
CUST11423,61.0,Female,Chennai,17896.0,Premium,2024-12-18
CUST11424,61.0,Female,Chennai,42643.0,Premium,2025-01-30
CUST11425,47.0,Female,Chennai,14659.0,Premium,2024-10-16
CUST11426,55.0,Male,Hyderabad,39014.0,VIP,2025-03-30
CUST11427,51.0,Male,Hyderabad,33239.0,Premium,2025-11-01
CUST11428,29.0,Female,Chennai,38433.0,Premium,2024-05-07
CUST11429,36.0,Male,Chennai,8902.0,Premium,2025-06-26
CUST11430,41.18242790073776,Male,Chennai,8407.0,Regular,2024-12-24
CUST11431,61.0,Male,Hyderabad,40305.0,Premium,2025-06-10
CUST11432,34.0,Female,Chennai,33314.0,VIP,2024-11-08
CUST11433,27.0,Female,Chennai,34259.0,Premium,2024-03-15
CUST11434,64.0,Female,Bangalore,11616.0,Regular,2025-06-29
CUST11435,29.0,Female,Chennai,29186.0,VIP,2024-07-14
CUST11436,33.0,Male,Mumbai,48322.0,VIP,2024-01-29
CUST11437,41.0,Male,Chennai,30580.0,Premium,2024-01-16
CUST11438,36.0,Female,Hyderabad,44759.0,VIP,2025-02-26
CUST11439,25.0,Male,Chennai,47866.0,VIP,2025-08-11
CUST11440,48.0,Male,Mumbai,24975.41998649561,VIP,2025-08-15
CUST11441,38.0,Female,Bangalore,9365.0,VIP,2025-02-08
CUST11442,34.0,Male,Chennai,48729.0,Premium,2025-09-27
CUST11443,40.0,Male,Chennai,5554.0,Premium,2025-06-14
CUST11444,54.0,Male,Mumbai,36018.0,Premium,2025-09-05
CUST11445,33.0,Female,Mumbai,26281.0,Premium,2024-03-17
CUST11446,23.0,Male,Bangalore,15486.0,Regular,2024-08-16
CUST11447,25.0,Female,Hyderabad,39282.0,Premium,2024-10-23
CUST11448,42.0,Female,Chennai,37525.0,VIP,2025-05-24
CUST11449,35.0,Female,Mumbai,43354.0,Premium,2025-07-26
CUST11450,42.0,Female,Bangalore,24427.0,Premium,2025-06-21
CUST11451,29.0,Female,Chennai,21281.0,Premium,2025-08-05
CUST11452,32.0,Female,Mumbai,47762.0,VIP,2025-09-06
CUST11453,43.0,Female,Bangalore,21552.0,Premium,2024-11-21
CUST11454,58.0,Male,Hyderabad,38348.0,Premium,2024-12-28
CUST11455,62.0,Male,Hyderabad,40901.0,Premium,2025-10-30
CUST11456,43.0,Female,Mumbai,33851.0,Regular,2024-12-24
CUST11457,64.0,Male,Mumbai,22091.0,Premium,2024-11-19
CUST11458,49.0,Female,Chennai,41411.0,Premium,2025-11-28
CUST11459,27.0,Female,Bangalore,10016.0,VIP,2024-11-21
CUST11460,33.0,Female,Mumbai,10243.0,VIP,2025-09-16
CUST11461,24.0,Male,Chennai,25955.0,Premium,2024-06-13
CUST11462,34.0,Female,Chennai,15681.0,Premium,2025-07-26
CUST11463,40.0,Female,Mumbai,2007.0,Premium,2025-08-26
CUST11464,43.0,Female,Hyderabad,29524.0,VIP,2025-03-30
CUST11465,38.0,Male,Bangalore,23408.0,VIP,2024-06-01
CUST11466,39.0,Male,Bangalore,42084.0,Regular,2024-05-06
CUST11467,24.0,Male,Hyderabad,41605.0,Premium,2024-07-11
CUST11468,31.0,Male,Mumbai,46625.0,Regular,2025-09-18
CUST11469,32.0,Male,Bangalore,37042.0,Premium,2025-06-13
CUST11470,24.0,Male,Mumbai,27057.0,Regular,2024-01-10
CUST11471,26.0,Female,Mumbai,25564.0,VIP,2024-04-01
CUST11472,25.0,Male,Chennai,48576.0,Regular,2024-05-18
CUST11473,40.0,Male,Hyderabad,23749.0,Premium,2025-04-25
CUST11474,46.0,Male,Mumbai,42165.0,Premium,2025-03-24
CUST11475,35.0,Male,Chennai,27225.0,Premium,2024-11-28
CUST11476,48.0,Male,Hyderabad,34858.0,Premium,2024-12-05
CUST11477,47.0,Female,Bangalore,5696.0,VIP,2024-02-21
CUST11478,56.0,Male,Chennai,16474.0,Premium,2025-04-10
CUST11479,52.0,Male,Bangalore,3875.0,Regular,2025-04-19
CUST11480,35.0,Female,Bangalore,24975.41998649561,Premium,2025-02-04
CUST11481,59.0,Female,Hyderabad,21129.0,Premium,2025-03-14
CUST11482,56.0,Male,Bangalore,18545.0,VIP,2025-08-27
CUST11483,34.0,Male,Mumbai,48574.0,Regular,2025-10-18
CUST11484,31.0,Female,Bangalore,14745.0,Premium,2025-08-20
CUST11485,41.18242790073776,Female,Chennai,31205.0,Premium,2025-05-23
CUST11486,41.0,Male,Chennai,13768.0,Regular,2024-06-01
CUST11487,52.0,Female,Chennai,16060.0,VIP,2025-05-28
CUST11488,61.0,Female,Chennai,11457.0,Regular,2025-05-17
CUST11489,62.0,Male,Bangalore,37303.0,VIP,2025-11-06
CUST11490,51.0,Male,Chennai,15904.0,Regular,2024-01-06
CUST11491,20.0,Male,Hyderabad,14726.0,Premium,2025-05-14
CUST11492,54.0,Male,Chennai,28232.0,Premium,2025-10-22
CUST11493,60.0,Male,Mumbai,8051.0,Premium,2024-04-27
CUST11494,57.0,Male,Hyderabad,6549.0,Premium,2025-04-29
CUST11495,43.0,Female,Chennai,19165.0,VIP,2025-08-23
CUST11496,40.0,Male,Mumbai,36067.0,VIP,2025-10-27
CUST11497,61.0,Male,Bangalore,39636.0,VIP,2025-11-09
CUST11498,56.0,Male,Bangalore,9230.0,Premium,2025-04-12
CUST11499,32.0,Male,Bangalore,23924.0,Regular,2024-06-09
